handle,url_handle,gov_label,name,description,followers,verified,date_scraped,filename,followers_num
zlj517,zlj517,China government official,Lijian Zhao 赵立坚,"Spokesman & DDG, Information Department, Foreign Ministry, China. @MFA_China @SpokespersonCHN YouTube http://t.cn/A67zK9yN Facebook http://t.cn/A67zKuDi",1.3M,TRUE,2022-04-14,inst/helper/platform_labels/cn_dips/twitter/raw/140422/html/zlj517_2022-04-14.html,1300000
SpokespersonCHN,SpokespersonCHN,China government official,Hua Chunying 华春莹,"Assistant Minister of Foreign Affairs, Foreign Ministry Spokesperson, Director General, Information Department, MFA PRC. Get to know us more @MFA_China",1.2M,TRUE,2022-04-14,inst/helper/platform_labels/cn_dips/twitter/raw/140422/html/SpokespersonCHN_2022-04-14.html,1200000
MFA_China,MFA_China,China government official,Spokesperson发言人办公室,Follow us to know more about China's Diplomacy. YouTube http://t.cn/A67zK9yN Facebook http://t.cn/A67zKuDi Instagram http://t.cn/A62t2uG3,448.9K,TRUE,2022-04-14,inst/helper/platform_labels/cn_dips/twitter/raw/140422/html/MFA_China_2022-04-14.html,448900
AmbLiuXiaoMing,AmbLiuXiaoMing,China government official,刘晓明Liu Xiaoming,"中国政府朝鲜半岛事务特别代表，前驻英国、朝鲜、埃及大使，Special Representative of the Chinese Government on Korean Peninsula Affairs，Former Chinese Ambassador to Egypt, the DPRK and the UK",196K,TRUE,2022-04-14,inst/helper/platform_labels/cn_dips/twitter/raw/140422/html/AmbLiuXiaoMing_2022-04-14.html,196000
zhang_heqing,zhang_heqing,NA,Zhang Heqing张和清,"Counsellor & Director. Culture, tourism, arts & more. Tweets are only personal views, Rts are not necessarily endorsements. http://facebook.com/CulturalChinaBJ",182K,TRUE,2022-04-14,inst/helper/platform_labels/cn_dips/twitter/raw/140422/html/zhang_heqing_2022-04-14.html,182000
CathayPak,CathayPak,China government organization,Chinese Emb Pakistan,Embassy of the People's Republic of China in the Islamic Republic of Pakistan 欢迎关注中国驻巴基斯坦使馆官方推特。让我们一起续写中巴友谊，讲好中国故事。,140.9K,TRUE,2022-04-14,inst/helper/platform_labels/cn_dips/twitter/raw/140422/html/CathayPak_2022-04-14.html,140900
AmbQinGang,AmbQinGang,China government official,Qin Gang 秦刚,Chinese Ambassador to the United States,129.3K,TRUE,2022-04-14,inst/helper/platform_labels/cn_dips/twitter/raw/140422/html/AmbQinGang_2022-04-14.html,129300.00000000001
ChineseEmbinUS,ChineseEmbinUS,China government organization,Chinese Embassy in US,Official twitter account of the Embassy of the People's Republic of China in the United States of America,104.6K,TRUE,2022-04-14,inst/helper/platform_labels/cn_dips/twitter/raw/140422/html/ChineseEmbinUS_2022-04-14.html,104600
CaoYi_MFA,CaoYi_MFA,NA,曹 毅 CAO Yi أبو وسيم,"Consul, Embassy of #China in #Lebanon. Chinese diplomat. Past postings: @MFA_China; @ChinaIraq. RTs≠endorsement.قنصل سفارة #الصين في لبنان",103.8K,TRUE,2022-04-14,inst/helper/platform_labels/cn_dips/twitter/raw/140422/html/CaoYi_MFA_2022-04-14.html,103800
Chinamission2un,Chinamission2un,China government organization,Chinese Mission to UN,The official twitter account of the Permanent Mission of the People's Republic of China to the United Nations. See also @ChinaAmbUN,96.5K,TRUE,2022-04-14,inst/helper/platform_labels/cn_dips/twitter/raw/140422/html/Chinamission2un_2022-04-14.html,96500
ChnEmbassy_jp,ChnEmbassy_jp,China government organization,中華人民共和国駐日本国大使館,中華人民共和国駐日本国大使館の公式Twitterです。 中日関係、国民交流、また中国経済・文化・社会及び大使館行事などを皆様にご紹介させていただきます。大使館HPはこちらへhttp://china-embassy.or.jp/jpn/,93.7K,TRUE,2022-04-14,inst/helper/platform_labels/cn_dips/twitter/raw/140422/html/ChnEmbassy_jp_2022-04-14.html,93700
China_Amb_India,China_Amb_India,China government official,Sun Weidong,Chinese Ambassador to India.,92.5K,TRUE,2022-04-14,inst/helper/platform_labels/cn_dips/twitter/raw/140422/html/China_Amb_India_2022-04-14.html,92500
EmbaixadaChina,EmbaixadaChina,China government organization,Embaixada da China no Brasil,Trazendo a China para perto de você! Conta oficial da Embaixada da República Popular da China na República Federativa do Brasil. ,91.2K,TRUE,2022-04-14,inst/helper/platform_labels/cn_dips/twitter/raw/140422/html/EmbaixadaChina_2022-04-14.html,91200
WanmingYang,WanmingYang,China government official,楊萬明Yang Wanming,"Ex-embajador de China en Chile (2012-2014), Argentina (2014-2018) y Brasil (2018-2022)| JD, Maestría en Economía| Perfil personal| Rts no son endosos.",91K,TRUE,2022-04-14,inst/helper/platform_labels/cn_dips/twitter/raw/140422/html/WanmingYang_2022-04-14.html,91000
ciieonline,ciieonline,NA,China International Import Expo,Welcome to 2022 China International Import Expo ! #CIIE is a can't-miss opportunity to enter the Chinese market! Follow us today !,84.8K,TRUE,2022-04-14,inst/helper/platform_labels/cn_dips/twitter/raw/140422/html/ciieonline_2022-04-14.html,84800
AmbChenWeiqing,AmbChenWeiQing,NA,Chen Weiqing,‏‏‏Ambassador of China to Saudi ArabiaRepresentative of China to OIC|سفير الصين لدى المملكة العربية السعودية ممثل الصين لدى منظمة التعاون الإسلامي‎‎‎,79K,TRUE,2022-04-14,inst/helper/platform_labels/cn_dips/twitter/raw/140422/html/AmbChenWeiQing_2022-04-14.html,79000
China2ASEAN,China2ASEAN,China government official,Ambassador Deng Xijun,Ambassador of the People's Republic of China to ASEAN,72.2K,TRUE,2022-04-14,inst/helper/platform_labels/cn_dips/twitter/raw/140422/html/China2ASEAN_2022-04-14.html,72200
libijian2,libijian2,China government official,libijian李碧建,This is the personal twitter account of Consul General of China to Karachi. The Consulate covers Sindh and Balochistan Provinces of Pakistan.,69.7K,TRUE,2022-04-14,inst/helper/platform_labels/cn_dips/twitter/raw/140422/html/libijian2_2022-04-14.html,69700
PRCAmbNepal,PRCAmbNepal,NA,Ambassador Hou Yanqi,Ambassador of the People's Republic of China to Nepal,64.8K,TRUE,2022-04-14,inst/helper/platform_labels/cn_dips/twitter/raw/140422/html/PRCAmbNepal_2022-04-14.html,64800
AmbNong,AmbNong,NA,Nong Rong,Chinese Ambassador to Pakistan.,53.4K,TRUE,2022-04-14,inst/helper/platform_labels/cn_dips/twitter/raw/140422/html/AmbNong_2022-04-14.html,53400
chinascio,chinascio,China government organization,China SCIO,"Welcome to @ChinaSCIO, the official Twitter page for the State Council Information Office of China （中华人民共和国国务院新闻办公室）. For more, please visit http://english.scio.gov.cn",53.4K,FALSE,2022-04-14,inst/helper/platform_labels/cn_dips/twitter/raw/140422/html/chinascio_2022-04-14.html,53400
CGMeifangZhang,CGMeifangZhang,China government official,Zhang Meifang张美芳,Consul General of China in Belfast; FMR Deputy Consul General in NYC; FMR Deputy Consul General in Toronto,48K,TRUE,2022-04-14,inst/helper/platform_labels/cn_dips/twitter/raw/140422/html/CGMeifangZhang_2022-04-14.html,48000
ChineseEmbtoYEM,ChineseEmbtoYEM,NA,Chinese Embassy to Yemen,Official twitter account of the Embassy of the People's Republic of China to the Republic of Yemen,44.3K,TRUE,2022-04-14,inst/helper/platform_labels/cn_dips/twitter/raw/140422/html/ChineseEmbtoYEM_2022-04-14.html,44300
AmbassadeChine,AmbassadeChine,Organisation du gouvernement - Chine,Ambassade de Chine en France,Ambassade de Chine en France,44K,TRUE,2022-04-14,inst/helper/platform_labels/cn_dips/twitter/raw/140422/html/AmbassadeChine_2022-04-14.html,44000
li_xiaosi,li_xiaosi,NA,Li Xiaosi,Chinese Ambassador to Austria,43.9K,TRUE,2022-04-14,inst/helper/platform_labels/cn_dips/twitter/raw/140422/html/li_xiaosi_2022-04-14.html,43900
AmbCina,AmbCina,Cina - Organizzazione governativa,Ambasciata Repubblica Popolare Cinese in Italia,Pagina ufficiale dell'Ambasciata della Repubblica Popolare Cinese in Italia.Seguici su FB: http://facebook.com/chineseembassy…Seguici su IG: @ambcina,40.1K,TRUE,2022-04-14,inst/helper/platform_labels/cn_dips/twitter/raw/140422/html/AmbCina_2022-04-14.html,40100
ChineseEmbinUK,ChineseEmbinUK,China government organization,Chinese Embassy in UK,Chinese Embassy in UK.,37.3K,TRUE,2022-04-14,inst/helper/platform_labels/cn_dips/twitter/raw/140422/html/ChineseEmbinUK_2022-04-14.html,37300
Li_Yang_China,Li_Yang_China,NA,Li Yang,"Counsellor of Department of Information, MFA, China. Former Consul General of China in Rio de Janeiro.",37.1K,FALSE,2022-04-14,inst/helper/platform_labels/cn_dips/twitter/raw/140422/html/Li_Yang_China_2022-04-14.html,37100
xuejianosaka,xuejianosaka,NA,薛剑XueJian,中华人民共和国驻大阪总领事中華人民共和国駐大阪総領事Consul General of P.R.C  in Osaka,31.9K,TRUE,2022-04-14,inst/helper/platform_labels/cn_dips/twitter/raw/140422/html/xuejianosaka_2022-04-14.html,31900
ChinaEmbTurkey,ChinaEmbTurkey,NA,Çin Büyükelçiliği Ankara/中国驻土耳其使馆,"Hoşgeldiniz!  Follow, RT, link, ve/veya like ≠ onaylama. DM'lerin basın medya tarafından kullanılması için izin gerekir. YOUTUBE:  Çin Büyükelçiliği Ankara",31.5K,TRUE,2022-04-14,inst/helper/platform_labels/cn_dips/twitter/raw/140422/html/ChinaEmbTurkey_2022-04-14.html,31500
EmbChinaMex,EmbChinaMex,NA,Embajada de China en México,Bienvenidos a la cuenta oficial de la Embajada de China en México 欢迎关注中国驻墨西哥大使馆官方推特账号 官方脸书账号Facebook:EmbChinaMex,30.6K,TRUE,2022-04-14,inst/helper/platform_labels/cn_dips/twitter/raw/140422/html/EmbChinaMex_2022-04-14.html,30600
ChinaAmbUN,ChinaAmbUN,China government official,Zhang Jun,Permanent Representative of the People's Republic of China to the United Nations. See also http://chnun.chinamission.org.cn/eng/,29.8K,TRUE,2022-04-14,inst/helper/platform_labels/cn_dips/twitter/raw/140422/html/ChinaAmbUN_2022-04-14.html,29800
MahuiChina,MahuiChina,China government official,MA Hui 马 辉,Embajador de  China en Cuba Chinese Ambassador to Cuba 中国驻古巴大使,29.7K,TRUE,2022-04-14,inst/helper/platform_labels/cn_dips/twitter/raw/140422/html/MahuiChina_2022-04-14.html,29700
ChinaEmbEsp,ChinaEmbEsp,NA,Embajada de China en España,Bienvenidos a la cuenta oficial de la Embajada de China en España,27K,TRUE,2022-04-14,inst/helper/platform_labels/cn_dips/twitter/raw/140422/html/ChinaEmbEsp_2022-04-14.html,27000
ChinaEUMission,ChinaEUMission,China government organization,Mission of China to the EU,Mission of the People's Republic of China to the EU . Tweeting about #ChinaEU relations.,24.2K,TRUE,2022-04-14,inst/helper/platform_labels/cn_dips/twitter/raw/140422/html/ChinaEUMission_2022-04-14.html,24200
ChinaEmbKabul,ChinaEmbKabul,NA,Wang Yu 王愚,Chinese Ambassador to Afghanistan,24K,FALSE,2022-04-14,inst/helper/platform_labels/cn_dips/twitter/raw/140422/html/ChinaEmbKabul_2022-04-14.html,24000
cidcaofficial,cidcaofficial,NA,CIDCA,"We are the China International Development Cooperation Agency, with a primary mission of providing Chinese foreign assistance to developing countries.",23.1K,FALSE,2022-04-14,inst/helper/platform_labels/cn_dips/twitter/raw/140422/html/cidcaofficial_2022-04-14.html,23100
AmbChangHua,AmbChangHua,NA,Chang Hua,Ambassador of China to the Islamic Republic of Iran,22.8K,TRUE,2022-04-14,inst/helper/platform_labels/cn_dips/twitter/raw/140422/html/AmbChangHua_2022-04-14.html,22800
ChineseEmbinRus,ChineseEmbinRus,Государственный орган (Китай),Chinese Embassy in Russia 中国驻俄罗斯大使馆,Приветствую всех посетителей официального Twitter Посольства КНР в РФ! Благодарю вас за внимание к Китаю и китайско-российским отношениям!,22K,TRUE,2022-04-14,inst/helper/platform_labels/cn_dips/twitter/raw/140422/html/ChineseEmbinRus_2022-04-14.html,22000
EmbajadaChinaSV,EmbajadaChinaSV,NA,Embajada de la República Popular China en SV,Perfil Oficial de la Embajada de la República Popular China en El Salvador,21.8K,FALSE,2022-04-14,inst/helper/platform_labels/cn_dips/twitter/raw/140422/html/EmbajadaChinaSV_2022-04-14.html,21800
ZhaLiyou,ZhaLiyou,NA,CG_Zha Liyou查立友,CG of China in Kolkata 中国驻加尔各答总领事A product of Chinese education system. Comment on things of personal interest and tell stories of immense significance.,20.7K,TRUE,2022-04-14,inst/helper/platform_labels/cn_dips/twitter/raw/140422/html/ZhaLiyou_2022-04-14.html,20700
WuPeng_MFAChina,WuPeng_MFAChina,NA,吴鹏 Wu Peng,"Director-General, Department of African Affairs, MFA, China",20.2K,TRUE,2022-04-14,inst/helper/platform_labels/cn_dips/twitter/raw/140422/html/WuPeng_MFAChina_2022-04-14.html,20200
ChinaEmbSL,ChinaEmbSL,NA,Chinese Embassy in Sri Lanka,Official twitter account of the Embassy of the People's Republic of China in Colombo中华人民共和国驻斯里兰卡民主社会主义共和国大使馆官方推特,19.5K,TRUE,2022-04-14,inst/helper/platform_labels/cn_dips/twitter/raw/140422/html/ChinaEmbSL_2022-04-14.html,19500
EmbZhangRun,EmbZhangRun,NA,Zhang Run 张润,Embajador de China en la República Dominicana,18.8K,TRUE,2022-04-14,inst/helper/platform_labels/cn_dips/twitter/raw/140422/html/EmbZhangRun_2022-04-14.html,18800
ChnConsul_osaka,ChnConsul_osaka,NA,中華人民共和国駐大阪総領事館,中国駐大阪総領事館の公式Twitterです！中国社会や中日関係、または在西日本の出来事などを皆様にご紹介させていただきます。フォローしてね！这里是中国驻大阪总领馆官方账号。,18.6K,TRUE,2022-04-14,inst/helper/platform_labels/cn_dips/twitter/raw/140422/html/ChnConsul_osaka_2022-04-14.html,18600
weiasecas,weiasecas,NA,魏强  WEI Qiang,Embajador de China en Panamá,18.1K,FALSE,2022-04-14,inst/helper/platform_labels/cn_dips/twitter/raw/140422/html/weiasecas_2022-04-14.html,18100
China_Amb_Mdv,China_Amb_Mdv,NA,Ambassador Wang Lixin,Ambassador of the People's Republic of China to the Republic of Maldives,17.9K,FALSE,2022-04-14,inst/helper/platform_labels/cn_dips/twitter/raw/140422/html/China_Amb_Mdv_2022-04-14.html,17900
YDunhai,YDunhai,NA,Yu Dunhai,Chinese Ambassador to the Republic of Malta,16.9K,TRUE,2022-04-14,inst/helper/platform_labels/cn_dips/twitter/raw/140422/html/YDunhai_2022-04-14.html,16900
ChinaEmbOttawa,ChinaEmbOttawa,China government organization,ChineseEmbassyOttawa,The official twitter account of the Embassy of the People's Republic of China in Canada,16.7K,TRUE,2022-04-14,inst/helper/platform_labels/cn_dips/twitter/raw/140422/html/ChinaEmbOttawa_2022-04-14.html,16700
ChinaEmbKSA,ChinaEmbKSA,NA,Embassy of China in KSA سفارة الصين في السعودية,‏‏‏Official account of the Embassy of China in KSAالحساب الرسمي للسفارة الصينية في المملكة العربية السعودية@AmbChenWeiqing,15.4K,TRUE,2022-04-14,inst/helper/platform_labels/cn_dips/twitter/raw/140422/html/ChinaEmbKSA_2022-04-14.html,15400
in_embassy,in_embassy,NA,中国驻立陶宛代办处,The Office of the Chargé d’Affaires of the People's Republic of China in the Republic of Lithuania 讲好中国故事，传递中国声音！请关注和转发！,15.4K,TRUE,2022-04-14,inst/helper/platform_labels/cn_dips/twitter/raw/140422/html/in_embassy_2022-04-14.html,15400
Amb_Yiming,Amb_Yiming,NA,Zhang Yiming,Ambassador of China to the Republic of Namibia,15.2K,TRUE,2022-04-14,inst/helper/platform_labels/cn_dips/twitter/raw/140422/html/Amb_Yiming_2022-04-14.html,15200
oujianhong,oujianhong,NA,Ou Jianhong,Embajadora de la República Popular China,15.1K,FALSE,2022-04-14,inst/helper/platform_labels/cn_dips/twitter/raw/140422/html/oujianhong_2022-04-14.html,15100
China_Amb_Zim,China_Amb_Zim,NA,Chinese Ambassador to Zimbabwe,"GUO Shaochun, Chinese Ambassador to Zimbabwe",15K,TRUE,2022-04-14,inst/helper/platform_labels/cn_dips/twitter/raw/140422/html/China_Amb_Zim_2022-04-14.html,15000
AmbLiuQuan,AmbLiuQuan,NA,Quan Liu,Ambassador of the People's Republic of China to the Republic of SurinamePersonal views only,14K,TRUE,2022-04-14,inst/helper/platform_labels/cn_dips/twitter/raw/140422/html/AmbLiuQuan_2022-04-14.html,14000
Chinaembmanila,Chinaembmanila,NA,ChineseEmbassyManila,The official twitter account of the Embassy of the People's Republic of China in the Republic of the Philippines,13.5K,FALSE,2022-04-14,inst/helper/platform_labels/cn_dips/twitter/raw/140422/html/Chinaembmanila_2022-04-14.html,13500
AmbLiaoLiqiang,AmbLiaoLiqiang,NA,Liao Liqiang,Chinese Ambassador to Egypt,13.3K,TRUE,2022-04-14,inst/helper/platform_labels/cn_dips/twitter/raw/140422/html/AmbLiaoLiqiang_2022-04-14.html,13300
Amb_ZhuJing,Amb_ZhuJing,NA,Zhu Jing 朱京,Ambassadeur de Chine en RDC中国驻刚果（金）大使,12.6K,TRUE,2022-04-14,inst/helper/platform_labels/cn_dips/twitter/raw/140422/html/Amb_ZhuJing_2022-04-14.html,12600
ChinainLebanon,ChinainLebanon,NA,Qian Minjian,Chinese Ambassador to Lebanon RT/link/like/follow does not mean endorsement,12.6K,TRUE,2022-04-14,inst/helper/platform_labels/cn_dips/twitter/raw/140422/html/ChinainLebanon_2022-04-14.html,12600
ChineseEmbTZ,ChineseEmbTZ,NA,Chinese Embassy in Tanzania,The official twitter account of the Embassy of the People's Republic of China in the United Republic of Tanzania,12.6K,TRUE,2022-04-14,inst/helper/platform_labels/cn_dips/twitter/raw/140422/html/ChineseEmbTZ_2022-04-14.html,12600
ChineseZimbabwe,ChineseZimbabwe,NA,Chinese Embassy in Zimbabwe,Chinese Embassy in Zimbabwe,12.5K,TRUE,2022-04-14,inst/helper/platform_labels/cn_dips/twitter/raw/140422/html/ChineseZimbabwe_2022-04-14.html,12500
AmbChenBo,AmbChenBo,NA,Chen Bo,Ambasadorka Kine u Srbiji ,11.9K,FALSE,2022-04-14,inst/helper/platform_labels/cn_dips/twitter/raw/140422/html/AmbChenBo_2022-04-14.html,11900
AmbCHINEenRDC,AmbCHINEenRDC,NA,Ambassade de Chine en RDC中国驻刚果（金）大使馆,Ambassade de Chine en RDC中国驻刚果（金）大使馆,11.5K,TRUE,2022-04-14,inst/helper/platform_labels/cn_dips/twitter/raw/140422/html/AmbCHINEenRDC_2022-04-14.html,11500
Amb_ChenXu,Amb_ChenXu,NA,Chen Xu,"Chinese Ambassador, Permanent Representative to UN office in Geneva",11.4K,TRUE,2022-04-14,inst/helper/platform_labels/cn_dips/twitter/raw/140422/html/Amb_ChenXu_2022-04-14.html,11400
ChinaEmbPeru,ChinaEmbPeru,NA,Embajada de China en el Perú,Embajada de la República Popular China en el Perú欢迎关注中国驻秘鲁使馆官方推特账号,11.2K,TRUE,2022-04-14,inst/helper/platform_labels/cn_dips/twitter/raw/140422/html/ChinaEmbPeru_2022-04-14.html,11200
ChinaSpox_India,ChinaSpox_India,NA,Wang Xiaojian,"Spokesperson of Chinese Embassy in India, sharing facts",11K,TRUE,2022-04-14,inst/helper/platform_labels/cn_dips/twitter/raw/140422/html/ChinaSpox_India_2022-04-14.html,11000
ChinaEmbAddis,ChinaEmbAddis,NA,Chinese Embassy in Ethiopia,The official account of the Chinese Embassy in Ethiopia,10.9K,TRUE,2022-04-14,inst/helper/platform_labels/cn_dips/twitter/raw/140422/html/ChinaEmbAddis_2022-04-14.html,10900
WangXianfeng8,WangXianfeng8,NA,Wang Xianfeng王险峰,"Tweets only personal. Retweets, links not endorsements",10.3K,FALSE,2022-04-14,inst/helper/platform_labels/cn_dips/twitter/raw/140422/html/WangXianfeng8_2022-04-14.html,10300
WangJianPaco,WangJianPaco,NA,王建 Wang Jian,Ex #Consejero Económico y Comercial de #EmbajadaChina en #Panamá ,10K,FALSE,2022-04-14,inst/helper/platform_labels/cn_dips/twitter/raw/140422/html/WangJianPaco_2022-04-14.html,10000
CGCHINA_CPT,CGCHINA_CPT,NA,Lin Jing 林静,Chinese Consul General in Cape Town中国驻开普敦总领事,"9,834",FALSE,2022-04-14,inst/helper/platform_labels/cn_dips/twitter/raw/140422/html/CGCHINA_CPT_2022-04-14.html,9834
Ambassador_Liu,Ambassador_Liu,China government official,Liu Yuxi,Former Chinese Ambassador to the AU and the UNECA,"9,494",TRUE,2022-04-14,inst/helper/platform_labels/cn_dips/twitter/raw/140422/html/Ambassador_Liu_2022-04-14.html,9494
ChineseSomalia,ChineseSomalia,NA,Chinese Embassy in Somalia,The Embassy of the People's Republic of China in the Federal Republic of Somalia,"9,412",TRUE,2022-04-14,inst/helper/platform_labels/cn_dips/twitter/raw/140422/html/ChineseSomalia_2022-04-14.html,9412
ChineseEmb_Uga,ChineseEmb_Uga,NA,Chinese Embassy in Uganda,,"9,032",TRUE,2022-04-14,inst/helper/platform_labels/cn_dips/twitter/raw/140422/html/ChineseEmb_Uga_2022-04-14.html,9032
SpokespersonHZM,SpokespersonHZM,China government official,Hu Zhaoming 中联部发言人胡兆明,"Spokesperson & Director General, Bureau of Public Information and Communication, International Department, CPC Central Committee","8,635",FALSE,2022-04-14,inst/helper/platform_labels/cn_dips/twitter/raw/140422/html/SpokespersonHZM_2022-04-14.html,8635
ChineseEmbKenya,ChineseEmbKenya,NA,Chinese Embassy in Kenya,Official account of the Embassy of China in Kenya,"8,542",TRUE,2022-04-14,inst/helper/platform_labels/cn_dips/twitter/raw/140422/html/ChineseEmbKenya_2022-04-14.html,8542
XiaoYewen,XiaoYewen,NA,Xiao Yewen,Deputy Consul General of China in Auckland,"8,399",FALSE,2022-04-14,inst/helper/platform_labels/cn_dips/twitter/raw/140422/html/XiaoYewen_2022-04-14.html,8399
juliojiangwei,juliojiangwei,NA,姜伟 Jiang Wei,My  is  我的中国心,"8,186",FALSE,2022-04-14,inst/helper/platform_labels/cn_dips/twitter/raw/140422/html/juliojiangwei_2022-04-14.html,8186
LiyingZHU1,LiyingZHU1,NA,Ambassadeur 朱立英,,"7,931",FALSE,2022-04-14,inst/helper/platform_labels/cn_dips/twitter/raw/140422/html/LiyingZHU1_2022-04-14.html,7931
FuCong17,FuCong17,NA,Fu Cong 傅聪,"Director General, Department of Arms Control, MFA, PRC","7,712",TRUE,2022-04-14,inst/helper/platform_labels/cn_dips/twitter/raw/140422/html/FuCong17_2022-04-14.html,7712
ChinaEmbAlgeria,ChinaEmbAlgeria,NA,Embassy of China in Algeria 中国驻阿尔及利亚大使馆,مرحبا بكم في الحساب الرسمي لسفارة جمهورية الصين الشعبية لدى الجزائر.,"7,619",FALSE,2022-04-14,inst/helper/platform_labels/cn_dips/twitter/raw/140422/html/ChinaEmbAlgeria_2022-04-14.html,7619
ChinaAmbBelgium,ChinaAmbBelgium,NA,Cao Zhongming,"CAO Zhongming,  Chinese Ambassador to the Kingdom of Belgium","7,363",TRUE,2022-04-14,inst/helper/platform_labels/cn_dips/twitter/raw/140422/html/ChinaAmbBelgium_2022-04-14.html,7363
ChinaEmbArg,ChinaEmbArg,NA,Embajada de China en Argentina,Un puente que enlaza a ambos pueblos en el corazón,"7,344",TRUE,2022-04-14,inst/helper/platform_labels/cn_dips/twitter/raw/140422/html/ChinaEmbArg_2022-04-14.html,7344
EmbajadaChinaEc,EmbajadaChinaEc,NA,Embajada de la República Popular China en Ecuador,Bienvenidos a la cuenta oficial de la Embajada de la República Popular China en Ecuador,"7,282",TRUE,2022-04-14,inst/helper/platform_labels/cn_dips/twitter/raw/140422/html/EmbajadaChinaEc_2022-04-14.html,7282
ChinaEmbajadaRD,ChinaEmbajadaRD,NA,EmbajadaChinaenRD,Bienvenidos a seguir la cuenta oficial de la Embajada de la República Popular China en la República Dominicana.,"7,199",TRUE,2022-04-14,inst/helper/platform_labels/cn_dips/twitter/raw/140422/html/ChinaEmbajadaRD_2022-04-14.html,7199
chinaconsulist,chinaconsulist,NA,Çin Başkonsolosluğu Sözcüsü/中国驻伊斯坦布尔总领馆发言人,Çin İstanbul Başkonsolosluğu Sözcüsü resmi hesabına hoşgeldiniz!Instagram: http://chinaconsul.istE-mail: chinaconsulistpress@gmail.com,"7,061",TRUE,2022-04-14,inst/helper/platform_labels/cn_dips/twitter/raw/140422/html/chinaconsulist_2022-04-14.html,7061
ChinaIraq,ChinaIraq,NA,China Embassy in Iraq,Official twitter account of the embassy of the People's Republic of China in Baghdad,"6,908",TRUE,2022-04-14,inst/helper/platform_labels/cn_dips/twitter/raw/140422/html/ChinaIraq_2022-04-14.html,6908
ChinaConSydney,ChinaConSydney,NA,Chinese Consulate General in Sydney,The official Twitter account of the Consulate General of the People's Republic of China in Sydney,"6,355",TRUE,2022-04-14,inst/helper/platform_labels/cn_dips/twitter/raw/140422/html/ChinaConSydney_2022-04-14.html,6355
CGZhangPingLA,CGZhangPingLA,NA,Zhang Ping,Official Twitter of Consul General of the People's Republic of China in Los Angeles,"6,161",TRUE,2022-04-14,inst/helper/platform_labels/cn_dips/twitter/raw/140422/html/CGZhangPingLA_2022-04-14.html,6161
ChinaEmbGermany,ChinaEmbGermany,Regierungsorganisation aus China,Chinesische Botschaft in Deutschland,Botschaft der Volksrepublik China in der Bundesrepublik Deutschland,"5,931",TRUE,2022-04-14,inst/helper/platform_labels/cn_dips/twitter/raw/140422/html/ChinaEmbGermany_2022-04-14.html,5931
ChinaEmbGrenada,ChinaEmbGrenada,NA,Chinese Embassy in Grenada,Official twitter account of the Embassy of the People's Republic of China in Grenada,"5,745",TRUE,2022-04-14,inst/helper/platform_labels/cn_dips/twitter/raw/140422/html/ChinaEmbGrenada_2022-04-14.html,5745
AmbLiuGuangYuan,AmbLiuGuangYuan,NA,Liu Guangyuan,"Former Chinese Ambassador to Kenya, Poland","5,718",FALSE,2022-04-14,inst/helper/platform_labels/cn_dips/twitter/raw/140422/html/AmbLiuGuangYuan_2022-04-14.html,5718
XIEYongjun_CHN,XIEYongjun_CHN,NA,XIE Yongjun 解勇军,"Head of Division, Information Department, @MFA_China中国外交部新闻司处长","5,683",FALSE,2022-04-14,inst/helper/platform_labels/cn_dips/twitter/raw/140422/html/XIEYongjun_CHN_2022-04-14.html,5683
YXiusheng,YXiusheng,NA,Yan Xiusheng 延秀生,Chinese Ambassador to Barbados,"5,648",TRUE,2022-04-14,inst/helper/platform_labels/cn_dips/twitter/raw/140422/html/YXiusheng_2022-04-14.html,5648
chinaembaustria,chinaembaustria,NA,Chinesische Botschaft in Österreich,Botschaft der Volksrepublik China in der Republik Österreich,"5,575",TRUE,2022-04-14,inst/helper/platform_labels/cn_dips/twitter/raw/140422/html/chinaembaustria_2022-04-14.html,5575
AmbFengBiao,AmbFengBiao,NA,Feng Biao,Chinese Ambassador To Syriaسفير جمهورية الصين الشعبية لدى جمهورية العربية السورية,"5,438",FALSE,2022-04-14,inst/helper/platform_labels/cn_dips/twitter/raw/140422/html/AmbFengBiao_2022-04-14.html,5438
ChineseEmbinHU,ChineseEmbinHU,NA,Chinese Embassy in Hungary,A Kínai Népköztársaság Magyarországi NagykövetségeEmbassy of the People's Republic of China in HungaryOur Facebook: https://facebook.com/ChinaEmbHungary/…,"5,402",TRUE,2022-04-14,inst/helper/platform_labels/cn_dips/twitter/raw/140422/html/ChineseEmbinHU_2022-04-14.html,5402
ChinaEmbPoland,ChinaEmbPoland,NA,Chinese Embassy in Poland,The official account of the Chinese Embassy in Poland,"5,184",TRUE,2022-04-14,inst/helper/platform_labels/cn_dips/twitter/raw/140422/html/ChinaEmbPoland_2022-04-14.html,5184
ChenMingjian_CN,ChenMingjian_CN,NA,Chen Mingjian 陈明健,Ambassador of the People's Republic of China to the United Republic of Tanzania,"5,161",TRUE,2022-04-14,inst/helper/platform_labels/cn_dips/twitter/raw/140422/html/ChenMingjian_CN_2022-04-14.html,5161
ZhongBai2020,ZhongBai2020,NA,中国驻白俄罗斯大使馆,中国驻白俄罗斯大使馆官方推特账号,"5,117",TRUE,2022-04-14,inst/helper/platform_labels/cn_dips/twitter/raw/140422/html/ZhongBai2020_2022-04-14.html,5117
Emb_ChinaVen,Emb_ChinaVen,NA,Embajada de China en Venezuela,Embajada de la República Popular China en Venezuela,"5,107",FALSE,2022-04-14,inst/helper/platform_labels/cn_dips/twitter/raw/140422/html/Emb_ChinaVen_2022-04-14.html,5107
ChinaConsulate,ChinaConsulate,NA,ChinaConsulateChicago,"Official Twitter Account of Consulate General of the People's Republic of China in Chicago, IL, U.S.","5,078",TRUE,2022-04-14,inst/helper/platform_labels/cn_dips/twitter/raw/140422/html/ChinaConsulate_2022-04-14.html,5078
ChineseEmb_PNG,ChineseEmb_PNG,NA,Chinese Embassy in PNG,Official page of the Embassy of the People's Republic of China in Papua New Guinea,"5,062",TRUE,2022-04-14,inst/helper/platform_labels/cn_dips/twitter/raw/140422/html/ChineseEmb_PNG_2022-04-14.html,5062
ChinaMissionVie,ChinaMissionVie,NA,Permanent Mission of China in Vienna,Welcome to the official twitter account of the Permanent Mission of China to the United Nations and other International Organizations in Vienna.,"5,032",TRUE,2022-04-14,inst/helper/platform_labels/cn_dips/twitter/raw/140422/html/ChinaMissionVie_2022-04-14.html,5032
SpoxCHNinUS,SpoxCHNinUS,NA,Liu Pengyu 刘鹏宇,Spokesperson of Chinese Embassy in the U.S.Youtube: http://bit.ly/39sGC9qFacebook: http://bit.ly/3fv5H7rTikTok: http://tiktok.com/@chineseembassyinus…,"4,977",TRUE,2022-04-14,inst/helper/platform_labels/cn_dips/twitter/raw/140422/html/SpoxCHNinUS_2022-04-14.html,4977
AmbZhouJian,AmbZhouJian,NA,Zhou Jian, Chinese Ambassador to the State of Qatar,"4,872",FALSE,2022-04-14,inst/helper/platform_labels/cn_dips/twitter/raw/140422/html/AmbZhouJian_2022-04-14.html,4872
PRCAmbNL,PRCAmbNL,NA,Ambassador Xu Hong,Chinese Ambassador to the Netherlands,"4,836",TRUE,2022-04-14,inst/helper/platform_labels/cn_dips/twitter/raw/140422/html/PRCAmbNL_2022-04-14.html,4836
Dr_ZhaoQinghua,Dr_ZhaoQinghua,NA,Generalkonsul Zhao Qinghua,Generalkonsul der VR China in Zürich und für das Fürstentum Liechtenstein,"4,792",TRUE,2022-04-14,inst/helper/platform_labels/cn_dips/twitter/raw/140422/html/Dr_ZhaoQinghua_2022-04-14.html,4792
AmbDongXiaojun,AmbDongXiaojun,NA,Dong Xiaojun,Chinese Ambassador to Bulgaria,"4,774",FALSE,2022-04-14,inst/helper/platform_labels/cn_dips/twitter/raw/140422/html/AmbDongXiaojun_2022-04-14.html,4774
chine_guinee,chine_guinee,NA,Ambassade de Chine en Guinée,中华人民共和国驻几内亚共和国大使馆 Ambassade de la République populaire de Chine en République de Guinée,"4,737",TRUE,2022-04-14,inst/helper/platform_labels/cn_dips/twitter/raw/140422/html/chine_guinee_2022-04-14.html,4737
ambchinetchad,ambchinetchad,NA,Ambassade de Chine au Tchad,中华人民共和国驻乍得共和国大使馆Ambassade de la République Populaire de Chine en République du Tchad,"4,662",TRUE,2022-04-14,inst/helper/platform_labels/cn_dips/twitter/raw/140422/html/ambchinetchad_2022-04-14.html,4662
ChineseembassyJ,ChineseembassyJ,NA,Embassy of China in Jordan,ChineseEmbassy in Jordan,"4,553",TRUE,2022-04-14,inst/helper/platform_labels/cn_dips/twitter/raw/140422/html/ChineseembassyJ_2022-04-14.html,4553
AmbZhengZeguang,Ambzhengzeguang,China government official,Zheng Zeguang,Chinese Ambassador to the United Kingdom,"4,468",FALSE,2022-04-14,inst/helper/platform_labels/cn_dips/twitter/raw/140422/html/Ambzhengzeguang_2022-04-14.html,4468
chinaandsamoa,chinaandsamoa,NA,中国驻萨摩亚大使馆 Chinese Embassy in Samoa,Embassy of the People's Republic of China in the Independent State of Samoa 欢迎关注中国驻萨摩亚使馆官方推特,"4,456",TRUE,2022-04-14,inst/helper/platform_labels/cn_dips/twitter/raw/140422/html/chinaandsamoa_2022-04-14.html,4456
ChineseLiberia,ChineseLiberia,NA,Chinese Embassy in Liberia,The Embassy of the People's Republic of China in Liberia.,"4,434",TRUE,2022-04-14,inst/helper/platform_labels/cn_dips/twitter/raw/140422/html/ChineseLiberia_2022-04-14.html,4434
DrZhaoyongchen,DrZhaoyongchen,NA,ZHAO Yongchen,"Ambassador, Prof. Dr. of Law.","4,411",TRUE,2022-04-14,inst/helper/platform_labels/cn_dips/twitter/raw/140422/html/DrZhaoyongchen_2022-04-14.html,4411
ChinaMissionGva,ChinaMissionGva,NA,China Mission Geneva,This is the Permanent Mission of the People's Republic of China to the United Nations Office at Geneva and other International Organizations in Switzerland.,"4,374",TRUE,2022-04-14,inst/helper/platform_labels/cn_dips/twitter/raw/140422/html/ChinaMissionGva_2022-04-14.html,4374
ChinaEmbNL,ChinaEmbNL,NA,Embassy of China in the Netherlands,official twitter account of Embassy of China in the Kingdom of Netherlands,"4,250",TRUE,2022-04-14,inst/helper/platform_labels/cn_dips/twitter/raw/140422/html/ChinaEmbNL_2022-04-14.html,4250
ChinaEmbSVK,ChinaEmbSVK,NA,中国驻斯洛伐克使馆 Čínske veľvyslanectvo na Slovensku,Embassy of the People's Republic of China in the Slovak Republic,"4,228",TRUE,2022-04-14,inst/helper/platform_labels/cn_dips/twitter/raw/140422/html/ChinaEmbSVK_2022-04-14.html,4228
Amb_LiSong,Amb_LiSong,NA,Li Song 李松,"Chinese Ambassador for Disarmament Affairs, Deputy Permanent Representative to UN Office in Geneva","4,203",TRUE,2022-04-14,inst/helper/platform_labels/cn_dips/twitter/raw/140422/html/Amb_LiSong_2022-04-14.html,4203
ChinaEmSlovenia,ChinaEmSlovenia,NA,ChineseEmbassySlovenia,The official twitter account of the Embassy of the People's Republic of China in the Republic of Slovenia.,"4,023",TRUE,2022-04-14,inst/helper/platform_labels/cn_dips/twitter/raw/140422/html/ChinaEmSlovenia_2022-04-14.html,4023
EmbChinaCuba,EmbChinaCuba,NA,Embajada de la República Popular China en Cuba,Embajada de la República Popular China en Cuba,"3,939",TRUE,2022-04-14,inst/helper/platform_labels/cn_dips/twitter/raw/140422/html/EmbChinaCuba_2022-04-14.html,3939
ChinaEmbinGH,ChinaEmbinGH,NA,中国驻加纳大使馆 Chinese Embassy in Ghana,The official account of the Chinese Embassy in Ghana,"3,918",TRUE,2022-04-14,inst/helper/platform_labels/cn_dips/twitter/raw/140422/html/ChinaEmbinGH_2022-04-14.html,3918
ChinaEmbIreland,ChinaEmbIreland,NA,Chinese Embassy in Ireland,Official twitter account of the Embassy of the People's Republic of China in Ireland.,"3,908",TRUE,2022-04-14,inst/helper/platform_labels/cn_dips/twitter/raw/140422/html/ChinaEmbIreland_2022-04-14.html,3908
zhaobaogang2011,zhaobaogang2011,NA,Minister Counsellor Zhao,Chinese Diplomat working in African Affairs Department of Chinese Foreign Ministry.,"3,902",FALSE,2022-04-14,inst/helper/platform_labels/cn_dips/twitter/raw/140422/html/zhaobaogang2011_2022-04-14.html,3902
CHNembinSudan,CHNembinSudan,NA,ChineseEmbassyinSudan,‎中国驻苏丹大使馆السفارة الصينية في السودان‎,"3,891",FALSE,2022-04-14,inst/helper/platform_labels/cn_dips/twitter/raw/140422/html/CHNembinSudan_2022-04-14.html,3891
Chine_au_Mali,Chine_au_Mali,NA,中国驻马里大使馆 Ambassade de Chine au Mali,Ambassade de Chine au Mali,"3,784",FALSE,2022-04-14,inst/helper/platform_labels/cn_dips/twitter/raw/140422/html/Chine_au_Mali_2022-04-14.html,3784
sa_durban,sa_durban,NA,ChineseConsulGeneral-Durban驻德班总领事,,"3,747",FALSE,2022-04-14,inst/helper/platform_labels/cn_dips/twitter/raw/140422/html/sa_durban_2022-04-14.html,3747
EmbChina_RS,EmbChina_RS,NA,Chinese Embassy in Serbia,Embassy of the People's Republic of China in the Republic of Serbia,"3,726",FALSE,2022-04-14,inst/helper/platform_labels/cn_dips/twitter/raw/140422/html/EmbChina_RS_2022-04-14.html,3726
WangLutongMFA,WangLutongMFA,NA,王鲁彤 Wang Lutong,"Director General for European Affairs, MFA, China. Former Ambassador to New Zealand. Personal view.","3,679",FALSE,2022-04-14,inst/helper/platform_labels/cn_dips/twitter/raw/140422/html/WangLutongMFA_2022-04-14.html,3679
ConsulChinaBcn,ConsulChinaBcn,NA,Consulado General de China en Barcelona 中国驻巴塞罗那总领馆,Bienvenidos a la cuenta oficial del Consulado General de China en Barcelona. 欢迎关注中华人民共和国驻巴塞罗那总领事馆官方推特账号,"3,535",TRUE,2022-04-14,inst/helper/platform_labels/cn_dips/twitter/raw/140422/html/ConsulChinaBcn_2022-04-14.html,3535
AmbChineBurundi,AmbChineBurundi,NA,Ambassade de Chine au Burundi,Twitter officiel de l'Ambassade de la République Populaire de Chine en République du Burundi,"3,528",TRUE,2022-04-14,inst/helper/platform_labels/cn_dips/twitter/raw/140422/html/AmbChineBurundi_2022-04-14.html,3528
china_embajada,china_embajada,NA,Embajada de China en Colombia,Bienvenidos a la cuenta oficial de la Embajada de la República Popular China en Colombia,"3,525",TRUE,2022-04-14,inst/helper/platform_labels/cn_dips/twitter/raw/140422/html/china_embajada_2022-04-14.html,3525
AmbLiJunhua,AmbLiJunhua,NA,李军华Li Junhua,中国驻意大利大使 Chinese Ambassador to Italy,"3,395",TRUE,2022-04-14,inst/helper/platform_labels/cn_dips/twitter/raw/140422/html/AmbLiJunhua_2022-04-14.html,3395
ConsulateSan,ConsulateSan,NA,Chinese Consulate General in San Francisco,,"3,347",FALSE,2022-04-14,inst/helper/platform_labels/cn_dips/twitter/raw/140422/html/ConsulateSan_2022-04-14.html,3347
PRC_Amb_Uganda,PRC_Amb_Uganda,NA,Amb. Zhang Lizhong,"Official Twitter account of the Chinese Ambassador to Uganda. Posted to SF of USA, Kolkata of India, Male of Maldives before.","3,342",TRUE,2022-04-14,inst/helper/platform_labels/cn_dips/twitter/raw/140422/html/PRC_Amb_Uganda_2022-04-14.html,3342
CCGBelfast,CCGBelfast,NA,中国驻贝尔法斯特总领事馆,中国驻贝尔法斯特总领事馆官方推特账号,"3,340",TRUE,2022-04-14,inst/helper/platform_labels/cn_dips/twitter/raw/140422/html/CCGBelfast_2022-04-14.html,3340
China_Panama,China_Panama,NA,Hola_Dani,Agregado Comercial  @  Pro Mutuo Beneficio,"3,288",FALSE,2022-04-14,inst/helper/platform_labels/cn_dips/twitter/raw/140422/html/China_Panama_2022-04-14.html,3288
ChinaEmbAngola,ChinaEmbAngola,NA,ChinaEmbAngola,Embaixada da China em Angola,"3,215",TRUE,2022-04-14,inst/helper/platform_labels/cn_dips/twitter/raw/140422/html/ChinaEmbAngola_2022-04-14.html,3215
ChinaEmbEritrea,ChinaEmbEritrea,NA,Chinese Embassy in Eritrea,Official Account of the Chinese Embassy in Eritrea,"3,212",TRUE,2022-04-14,inst/helper/platform_labels/cn_dips/twitter/raw/140422/html/ChinaEmbEritrea_2022-04-14.html,3212
CGPRCinDubai,CGPRCinDubai,NA,ChinaConsulateDubai,"The official Twitter account of Consulate General of the People's Republic of China in Dubai, UAE","3,211",TRUE,2022-04-14,inst/helper/platform_labels/cn_dips/twitter/raw/140422/html/CGPRCinDubai_2022-04-14.html,3211
ChinaCGCalgary,ChinaCGCalgary,NA,Chinese Consulate General in Calgary,The official twitter account of the Consulate General of the People's Republic of China in Calgary,"3,145",TRUE,2022-04-14,inst/helper/platform_labels/cn_dips/twitter/raw/140422/html/ChinaCGCalgary_2022-04-14.html,3145
embajadorcn_uy,embajadorcn_uy,NA,Wang Gang,Embajador de China en Uruguay,"3,136",TRUE,2022-04-14,inst/helper/platform_labels/cn_dips/twitter/raw/140422/html/embajadorcn_uy_2022-04-14.html,3136
AmbKongXuanyou,AmbKongXuanyou,NA,孔鉉佑,中華人民共和国駐日本国特命全権大使孔鉉佑の公式Twitterです。中国および中日関係についての新鮮な出来事を皆様と共有し、「和をもって貴しと為す」との理念に基づき、両国国民同士の相互理解を深化させ、友好交流および互恵協力を増進するため、発信してまいります。,"3,079",TRUE,2022-04-14,inst/helper/platform_labels/cn_dips/twitter/raw/140422/html/AmbKongXuanyou_2022-04-14.html,3079
china_emb_ng,china_emb_ng,NA,Chinese Embassy in Nigeria,Official handle of the Embassy of the People's Republic of China in the Federal Republic of Nigeria.,"2,975",FALSE,2022-04-14,inst/helper/platform_labels/cn_dips/twitter/raw/140422/html/china_emb_ng_2022-04-14.html,2975
EmbChinaGE,EmbChinaGE,NA,Embajada de China Malabo,欢迎访问中国驻赤道几内亚大使馆官方账号！¡Bienvenido a la Embajada de la República Popular China en Guinea Ecuatorial!,"2,938",TRUE,2022-04-14,inst/helper/platform_labels/cn_dips/twitter/raw/140422/html/EmbChinaGE_2022-04-14.html,2938
salahzhang,salahzhang,NA,Zhang Zhisheng 张志昇,"Consul General of China in Zanzibar, Tanzania中国驻坦桑尼亚桑给巴尔总领事","2,860",FALSE,2022-04-14,inst/helper/platform_labels/cn_dips/twitter/raw/140422/html/salahzhang_2022-04-14.html,2860
ChineseEmbinCZ,ChineseEmbinCZ,NA,Chinese Embassy in CZ,欢迎关注中华人民共和国驻捷克共和国大使馆官方账号Oficiální twitterový účet Velvyslanectví Čínské lidové republiky v České republice,"2,852",TRUE,2022-04-14,inst/helper/platform_labels/cn_dips/twitter/raw/140422/html/ChineseEmbinCZ_2022-04-14.html,2852
Chinaemb_Hellas,Chinaemb_Hellas,NA,Chinese Embassy in Greece,Επίσημος λογαριασμός της Πρεσβείας της Κίνας στην ΕλλάδαOfficial account of Chinese Embassy in Greece,"2,810",TRUE,2022-04-14,inst/helper/platform_labels/cn_dips/twitter/raw/140422/html/Chinaemb_Hellas_2022-04-14.html,2810
ChnConsulateNgo,ChnConsulateNgo,NA,中華人民共和国駐名古屋総領事館,中華人民共和国駐名古屋総領事館公式アカウントです。総領事館ホームページは以下URLからご覧いただけます。http://nagoya.china-consulate.org/chn/,"2,776",FALSE,2022-04-14,inst/helper/platform_labels/cn_dips/twitter/raw/140422/html/ChnConsulateNgo_2022-04-14.html,2776
ChinaembassyT,ChinaembassyT,NA,ChinaEmbassy Tirana,The Official twitter account of the Embassy of the People's Republic of China in the Republic of Albania Facebook http://facebook.com/ChinaembassyT,"2,738",FALSE,2022-04-14,inst/helper/platform_labels/cn_dips/twitter/raw/140422/html/ChinaembassyT_2022-04-14.html,2738
ChinaEmbKazakh,ChinaEmbKazakh,NA,Посольство КНР в Казахстане,Посольство Китайской Народной Республики в Республике Казахстан,"2,737",TRUE,2022-04-14,inst/helper/platform_labels/cn_dips/twitter/raw/140422/html/ChinaEmbKazakh_2022-04-14.html,2737
zhu_jingyang,zhu_jingyang,NA,Zhu Jingyang,Cuenta personal del Cónsul General de la República Popular China en BarcelonaCompte personal del Cònsol General de la República Popular de la Xina a Barcelona,"2,732",FALSE,2022-04-14,inst/helper/platform_labels/cn_dips/twitter/raw/140422/html/zhu_jingyang_2022-04-14.html,2732
ChnConsulateNgt,ChnConsulateNgt,NA,中華人民共和国駐新潟総領事館の新ちゃん,今日から新しい旅が始まりました。(。・ω・｡)。中日地方間の相互理解と友好交流を促進するため頑張っていきたいと思います。よろしくお願いします。,"2,712",TRUE,2022-04-14,inst/helper/platform_labels/cn_dips/twitter/raw/140422/html/ChnConsulateNgt_2022-04-14.html,2712
ChinaEmbinMR,ChinaEmbinMR,NA,中国驻毛里塔尼亚使馆Ambassade de Chine en Mauritanie,中国驻毛里塔尼亚使馆السفارة الصينية لدى موريتانياAmbassade de Chine en Mauritanie,"2,675",FALSE,2022-04-14,inst/helper/platform_labels/cn_dips/twitter/raw/140422/html/ChinaEmbinMR_2022-04-14.html,2675
CHN_UN_NY,CHN_UN_NY,NA,Spokesperson of Chinese Mission to UN,Spokesperson of the Permanent Mission of the People's Republic of China to the United Nations. See also @ChinaAmbUN @Chinamission2un,"2,619",TRUE,2022-04-14,inst/helper/platform_labels/cn_dips/twitter/raw/140422/html/CHN_UN_NY_2022-04-14.html,2619
LiuHongyang4,LiuHongyang4,NA,Liu_Hongyang,Ambassador of China to Malawi,"2,594",FALSE,2022-04-14,inst/helper/platform_labels/cn_dips/twitter/raw/140422/html/LiuHongyang4_2022-04-14.html,2594
ChinaEmbinCH,ChinaEmbinCH,NA,Chinese Embassy in Switzerland,The official account of the Chinese Embassy in Switzerland.,"2,589",TRUE,2022-04-14,inst/helper/platform_labels/cn_dips/twitter/raw/140422/html/ChinaEmbinCH_2022-04-14.html,2589
chinacgedi,chinacgedi,NA,Chinese Consulate General in Edinburgh,Official account of the Consulate-General of the PRC in Edinburgh,"2,570",TRUE,2022-04-14,inst/helper/platform_labels/cn_dips/twitter/raw/140422/html/chinacgedi_2022-04-14.html,2570
FeiShengchao,FeiShengchao,NA,FEI Shengchao费胜潮,Chinese Ambassador to Somalia,"2,520",TRUE,2022-04-14,inst/helper/platform_labels/cn_dips/twitter/raw/140422/html/FeiShengchao_2022-04-14.html,2520
WangJialei4,WangJialei4,NA,Wang Jialei 王家雷,Cónsul General de China en Santa Cruz Bolivia，中国驻圣克鲁斯总领事,"2,500",FALSE,2022-04-14,inst/helper/platform_labels/cn_dips/twitter/raw/140422/html/WangJialei4_2022-04-14.html,2500
LongDingbin,LongDingbin,NA,Long Dingbin龙定斌,"Consul General of China in Perth,a bridge of friendship between China and West Australia.","2,484",FALSE,2022-04-14,inst/helper/platform_labels/cn_dips/twitter/raw/140422/html/LongDingbin_2022-04-14.html,2484
ChinaEmbKuwait,ChinaEmbKuwait,NA,Embassy of China in Kuwait سفارة الصين في الكويت,Official account of the Embassy of the People's Republic of China in the State of Kuwait الحساب الرسمي لسفارة جمهورية الصين الشعبية في دولة الكويت,"2,454",TRUE,2022-04-14,inst/helper/platform_labels/cn_dips/twitter/raw/140422/html/ChinaEmbKuwait_2022-04-14.html,2454
AmbChineCmr,AmbChineCmr,NA,Ambassade de Chine au Cameroun,Compte officiel de l'Ambassade de Chine au Cameroun,"2,442",TRUE,2022-04-14,inst/helper/platform_labels/cn_dips/twitter/raw/140422/html/AmbChineCmr_2022-04-14.html,2442
liuboleo2,liuboleo2,NA,刘波 LIU Bo,Diplomático. Por la amistad China-A.L.,"2,427",FALSE,2022-04-14,inst/helper/platform_labels/cn_dips/twitter/raw/140422/html/liuboleo2_2022-04-14.html,2427
ChnConsulateFuk,ChnConsulateFuk,NA,中華人民共和国駐福岡総領事館,中華人民共和国駐福岡総領事館の公式Twitterです。中国と日本九州・沖縄・山口地域の物語を皆様にご紹介させていただきます。よろしくお願いします。総領事館ホームページは以下のURLからご覧いただけます。http://fukuoka.china-consulate.org,"2,345",TRUE,2022-04-14,inst/helper/platform_labels/cn_dips/twitter/raw/140422/html/ChnConsulateFuk_2022-04-14.html,2345
ChineAmbDjibout,ChineAmbDjibout,NA,Ambassade de Chine à Djibouti,Compte Twitter officiel de l'Ambassade de Chine à Djibouti,"2,314",TRUE,2022-04-14,inst/helper/platform_labels/cn_dips/twitter/raw/140422/html/ChineAmbDjibout_2022-04-14.html,2314
ChinaEmbassy_MW,ChinaEmbassy_MW,NA,Chinese Embassy in Malawi,Chinese Embassy in Malawi,"2,286",TRUE,2022-04-14,inst/helper/platform_labels/cn_dips/twitter/raw/140422/html/ChinaEmbassy_MW_2022-04-14.html,2286
ConsulChinaRJ,ConsulChinaRJ,NA,Consulado-Geral da China no Rio de Janeiro,Conta oficial do Consulado-Geral da República Popular da China no Rio de Janeiro.,"2,281",TRUE,2022-04-14,inst/helper/platform_labels/cn_dips/twitter/raw/140422/html/ConsulChinaRJ_2022-04-14.html,2281
China_OPCW,China_OPCW,NA,Chinese Permanent Mission to the OPCW,中华人民共和国常驻禁止化学武器组织代表团,"2,245",TRUE,2022-04-14,inst/helper/platform_labels/cn_dips/twitter/raw/140422/html/China_OPCW_2022-04-14.html,2245
YaoFei9,YaoFei9,NA,Yao Fei,Ministro Consejero de la Embajada de China en Espana,"2,211",FALSE,2022-04-14,inst/helper/platform_labels/cn_dips/twitter/raw/140422/html/YaoFei9_2022-04-14.html,2211
chinaembcongobz,chinaembcongobz,NA,Ambassade de Chine en République du Congo,The official account of the Embassy of the People's Republic of China in the Republic of the Congo ;中华人民共和国驻刚果共和国大使馆官方账号,"2,114",TRUE,2022-04-14,inst/helper/platform_labels/cn_dips/twitter/raw/140422/html/chinaembcongobz_2022-04-14.html,2114
HudsonWang1,HudsonWang1,NA,Hudson Wang,"Economic & Commercial Counselor of Chinese Embassy in Rwanda                 sports aficionado, bookworm, business & leadership coach, MC and speaking trainer","2,111",FALSE,2022-04-14,inst/helper/platform_labels/cn_dips/twitter/raw/140422/html/HudsonWang1_2022-04-14.html,2111
CHN_EGY,CHN_EGY,NA,Spokesperson of the Chinese Embassy in Egypt,Official Account of the Spokesperson of the Chinese Embassy in EgyptAmbassador Account: @AmbLiaoLiqiangFacebook: @ChineseEmbinEgyptWechat: Chineseembassy_eg,"2,091",FALSE,2022-04-14,inst/helper/platform_labels/cn_dips/twitter/raw/140422/html/CHN_EGY_2022-04-14.html,2091
embassy_chinese,embassy_chinese,NA,中国驻汤加大使馆,Chinese embassy in Tonga,"2,026",FALSE,2022-04-14,inst/helper/platform_labels/cn_dips/twitter/raw/140422/html/embassy_chinese_2022-04-14.html,2026
ChineAmbMaroc,ChineAmbMaroc,NA,Ambassade de Chine au Maroc,Compte officiel de l'Ambassade de la République populaire de Chine au Royaume du Maroc.Site: http://bit.ly/3qShTouFacebook: http://bit.ly/3Cu05Cq,"1,973",TRUE,2022-04-14,inst/helper/platform_labels/cn_dips/twitter/raw/140422/html/ChineAmbMaroc_2022-04-14.html,1973
luisxu9,luisxu9,NA,Luis Xu Tiefei 徐铁飞,"Agregado de Prensa de la Embajada China en República Dominicana. Escuchar, Informar y Compartir.","1,969",FALSE,2022-04-14,inst/helper/platform_labels/cn_dips/twitter/raw/140422/html/luisxu9_2022-04-14.html,1969
MAKSIMYQY,MAKSIMYQY,NA,Yan Yiqiang,"Chinese diplomat in Saint Petersburg, Russia. Tweets only personal views. https://t.me/chnspb Китайский дипломат в Санкт-Петербурге.","1,908",FALSE,2022-04-14,inst/helper/platform_labels/cn_dips/twitter/raw/140422/html/MAKSIMYQY_2022-04-14.html,1908
China_Lyon,China_Lyon,NA,Consulat Général de Chine à Lyon,Compte officiel du Consulat Général de la République populaire de Chine à Lyon 中华人民共和国驻里昂总领事馆,"1,896",TRUE,2022-04-14,inst/helper/platform_labels/cn_dips/twitter/raw/140422/html/China_Lyon_2022-04-14.html,1896
jejuZLG,jejuZLG,NA,주제주중국총영사관,안녕하수꽈?주제주중국총영사관입니다.大家好，这里是中国驻济州总领事馆。,"1,872",TRUE,2022-04-14,inst/helper/platform_labels/cn_dips/twitter/raw/140422/html/jejuZLG_2022-04-14.html,1872
CCGJeddah,CCGJeddah,NA,Chinese Consulate General in Jeddah,The official twitter account of the Consulate General of the People's Republic of China in Jeddah,"1,812",TRUE,2022-04-14,inst/helper/platform_labels/cn_dips/twitter/raw/140422/html/CCGJeddah_2022-04-14.html,1812
ChinaInDenmark,ChinaInDenmark,NA,Kina i Danmark,Embassy of the People's Republic of China in the Kingdom of Denmark. Tweeting about #ChinaDenmark relations.,"1,786",TRUE,2022-04-14,inst/helper/platform_labels/cn_dips/twitter/raw/140422/html/ChinaInDenmark_2022-04-14.html,1786
consulat_de,consulat_de,NA,Consulat général de Chine à Strasbourg,Compte officiel du Consulat général de Chine à Strasbourg,"1,786",FALSE,2022-04-14,inst/helper/platform_labels/cn_dips/twitter/raw/140422/html/consulat_de_2022-04-14.html,1786
ChinaConsAlmaty,ChinaConsAlmaty,NA,Генконсульство КНР в Алматы 中国驻阿拉木图总领馆,Приветствуем всех посетителей официального аккаунта Твиттера Генерального консульства Китайской Народной Республики в Алматы!,"1,633",TRUE,2022-04-14,inst/helper/platform_labels/cn_dips/twitter/raw/140422/html/ChinaConsAlmaty_2022-04-14.html,1633
ChinaCG_NYC,ChinaCG_NYC,NA,Chinese Consulate General in New York,Official Twitter Account of the Consulate General of the PRCFacebook:http://facebook.com/ChinaCGNYCYouTube:http://r6d.cn/bdvpyInstagram:http://instagram.com/chinacg_nyc/,"1,604",TRUE,2022-04-14,inst/helper/platform_labels/cn_dips/twitter/raw/140422/html/ChinaCG_NYC_2022-04-14.html,1604
ChnMission,ChnMission,NA,Liu Yuyin,"Spokesperson, Permanent Mission of China to the United Nations Office at Geneva and Other International Organizations in Switzerland","1,551",FALSE,2022-04-14,inst/helper/platform_labels/cn_dips/twitter/raw/140422/html/ChnMission_2022-04-14.html,1551
ChinaCG_Ffm,ChinaCG_Ffm,NA,Chinesisches Generalkonsulat in Frankfurt am Main,中华人民共和国驻法兰克福总领事馆Generalkonsulat der Volksrepublik China in Frankfurt am MainConsulate General of the People's Republic of China in Frankfurt am Main,"1,509",TRUE,2022-04-14,inst/helper/platform_labels/cn_dips/twitter/raw/140422/html/ChinaCG_Ffm_2022-04-14.html,1509
FukLyuGuijun,FukLyuGuijun,NA,律桂軍,中華人民共和国駐福岡総領事律桂軍の公式Twitterです。「山川異域、風月同天」の心をもって、中国と日本の最新情報についてシェアし、交流と協力を進めてまいります。,"1,509",TRUE,2022-04-14,inst/helper/platform_labels/cn_dips/twitter/raw/140422/html/FukLyuGuijun_2022-04-14.html,1509
yiwen_zh,yiwen_zh,NA,Zhang Yiwen 张怡雯,"Consejera, Embajada China en Cuba   Cuenta personal, RT ≠ aprobación","1,490",FALSE,2022-04-14,inst/helper/platform_labels/cn_dips/twitter/raw/140422/html/yiwen_zh_2022-04-14.html,1490
ChinaEmbPt,ChinaEmbPt,NA,Embaixada da China em Portugal 中国驻葡萄牙大使馆,Conta oficial da Embaixada da República Popular da China na República Portuguesa,"1,440",FALSE,2022-04-14,inst/helper/platform_labels/cn_dips/twitter/raw/140422/html/ChinaEmbPt_2022-04-14.html,1440
ChinaEmbajada,ChinaEmbajada,NA,Embajada de China en Chile,,"1,436",FALSE,2022-04-14,inst/helper/platform_labels/cn_dips/twitter/raw/140422/html/ChinaEmbajada_2022-04-14.html,1436
ChinaEmbassy_MV,ChinaEmbassy_MV,NA,Embassy of China in Maldives,Official Twitter Account of the Embassy of the People's Republic of China in the Republic of Maldives,"1,408",FALSE,2022-04-14,inst/helper/platform_labels/cn_dips/twitter/raw/140422/html/ChinaEmbassy_MV_2022-04-14.html,1408
CGHuangPingNY,CGHuangPingNY,NA,Huang Ping 黄屏,Chinese Consul General in New York,"1,387",TRUE,2022-04-14,inst/helper/platform_labels/cn_dips/twitter/raw/140422/html/CGHuangPingNY_2022-04-14.html,1387
ChineseEmb_FJ,ChineseEmb_FJ,NA,Chinese Embassy in Fiji,Welcome to the official Twitter account of the Embassy of the People's Republic of China in Fiji. Hotline: 7137727,"1,376",TRUE,2022-04-14,inst/helper/platform_labels/cn_dips/twitter/raw/140422/html/ChineseEmb_FJ_2022-04-14.html,1376
ChinaCG_Muc,ChinaCG_Muc,NA,Chinesisches Generalkonsulat in München,中华人民共和国驻慕尼黑总领事馆Generalkonsulat der VR China in MünchenConsulate General of the PRC in Munich,"1,372",TRUE,2022-04-14,inst/helper/platform_labels/cn_dips/twitter/raw/140422/html/ChinaCG_Muc_2022-04-14.html,1372
AmbFangQiu,AmbFangQiu,NA,FANG Qiu,Chinese Ambassador to the Republic of Trinidad and TobagoFacebook: https://facebook.com/fang.qiu.9847/,"1,348",FALSE,2022-04-14,inst/helper/platform_labels/cn_dips/twitter/raw/140422/html/AmbFangQiu_2022-04-14.html,1348
AmbassadorLiu,AmbassadorLiu,NA,AmbassadorLiu,Ambassador of the People's Republic of China to the Republic of Cyprus. RTs≠endorsement. FB: http://facebook.com/ChineseEmbassyCyprus…,"1,313",TRUE,2022-04-14,inst/helper/platform_labels/cn_dips/twitter/raw/140422/html/AmbassadorLiu_2022-04-14.html,1313
GuWenliang,GuWenliang,NA,Gu Wenliang 顾文亮,"Gu Wenliang, Agricultural Commissioner, Embassy of the People's Republic of China in the Islamic Republic of Pakistan","1,298",FALSE,2022-04-14,inst/helper/platform_labels/cn_dips/twitter/raw/140422/html/GuWenliang_2022-04-14.html,1298
EmbChinaPa,EmbChinaPa,NA,Embajada de China en Panamá,Bienvenidos a la cuenta oficial de la Embajada de la República Popular China en la República de Panamá欢迎来到中华人民共和国驻巴拿马共和国大使馆推特官方账号,"1,289",TRUE,2022-04-14,inst/helper/platform_labels/cn_dips/twitter/raw/140422/html/EmbChinaPa_2022-04-14.html,1289
Zhang_Xi77,Zhang_Xi77,NA,Zhang Xi,Primera Secretaria，Jefa de la Sección Política de la Embajada China en Panamá,"1,263",FALSE,2022-04-14,inst/helper/platform_labels/cn_dips/twitter/raw/140422/html/Zhang_Xi77_2022-04-14.html,1263
ConsuladoCHNSC,ConsuladoCHNSC,NA,Consulado General de China en Santa Cruz,"Consulado General de la República Popular China en Santa Cruz, Bolivia 中华人民共和国驻圣克鲁斯总领事馆","1,256",FALSE,2022-04-14,inst/helper/platform_labels/cn_dips/twitter/raw/140422/html/ConsuladoCHNSC_2022-04-14.html,1256
ChinaAmbNL,ChinaAmbNL,NA,Tan Jian,,"1,255",FALSE,2022-04-14,inst/helper/platform_labels/cn_dips/twitter/raw/140422/html/ChinaAmbNL_2022-04-14.html,1255
CHNEmbSuriname,CHNEmbSuriname,NA,Chinese Embassy in Suriname,Official twitter account of the Embassy of the People's Republic of China in the Republic of Suriname,"1,163",FALSE,2022-04-14,inst/helper/platform_labels/cn_dips/twitter/raw/140422/html/CHNEmbSuriname_2022-04-14.html,1163
AmbassadorLei,AmbassadorLei,NA,Lei Kezhong,Chinese Ambassador to Lesotho,"1,128",FALSE,2022-04-14,inst/helper/platform_labels/cn_dips/twitter/raw/140422/html/AmbassadorLei_2022-04-14.html,1128
ChineseCon_Mel,ChineseCon_Mel,NA,Chinese Consulate-General in Melbourne,Consulate-General of the People's Republic of China in Melbourne,"1,116",TRUE,2022-04-14,inst/helper/platform_labels/cn_dips/twitter/raw/140422/html/ChineseCon_Mel_2022-04-14.html,1116
FangYi85320692,FangYi85320692,NA,Fang Yi,An advocate of China-Uganda relations,"1,103",FALSE,2022-04-14,inst/helper/platform_labels/cn_dips/twitter/raw/140422/html/FangYi85320692_2022-04-14.html,1103
ChineseEmbinMNE,ChineseEmbinMNE,NA,Chinese Embassy in Montenegro,Official twitter account of the Embassy of the People's Republic of China in Montenegro,"1,082",FALSE,2022-04-14,inst/helper/platform_labels/cn_dips/twitter/raw/140422/html/ChineseEmbinMNE_2022-04-14.html,1082
ChineAmbassade,chineambassade,NA,Ambassade de Chine au Sénégal,Compte officiel de l'Ambassade de la République populaire de Chine en République du Sénégal,"1,007",FALSE,2022-04-14,inst/helper/platform_labels/cn_dips/twitter/raw/140422/html/chineambassade_2022-04-14.html,1007
ChineseCGMumbai,ChineseCGMumbai,NA,Tang Guocai,Official account of the Consul General of the PRC in Mumbai,961,FALSE,2022-04-14,inst/helper/platform_labels/cn_dips/twitter/raw/140422/html/ChineseCGMumbai_2022-04-14.html,961
chineseembassy1,chineseembassy1,NA,chineseembassybangkok,เอกอัครราชทูตสาธารณรัฐประชาชนจีนประจำประเทศไทย,944,FALSE,2022-04-14,inst/helper/platform_labels/cn_dips/twitter/raw/140422/html/chineseembassy1_2022-04-14.html,944
ChinaEmbinRW,ChinaEmbinRW,NA,Chinese Embassy in Rwanda,The official account of the Chinese Embassy in Rwanda China-Rwanda Golden Jubilee | Ambasade y'Ubushinwa mu Rwanda  Yubile y’imyaka 50,919,FALSE,2022-04-14,inst/helper/platform_labels/cn_dips/twitter/raw/140422/html/ChinaEmbinRW_2022-04-14.html,919
Zhou_Li_CHN,Zhou_Li_CHN,NA,Zhou Li周莉,"Counsellor, Information Department of Foreign Ministry, China @MFA_ChinaRts≠endorsement",899,FALSE,2022-04-14,inst/helper/platform_labels/cn_dips/twitter/raw/140422/html/Zhou_Li_CHN_2022-04-14.html,899
amigoxiaolin,amigoxiaolin,NA,Xiaolin Wang,Ministro Consejero de la Embajada de la R P China en la R Argentina,897,FALSE,2022-04-14,inst/helper/platform_labels/cn_dips/twitter/raw/140422/html/amigoxiaolin_2022-04-14.html,897
ChinaEmbMalta,ChinaEmbMalta,NA,Chinese Embassy in Malta,Embassy of the People's Republic of China in the Republic of Malta,893,TRUE,2022-04-14,inst/helper/platform_labels/cn_dips/twitter/raw/140422/html/ChinaEmbMalta_2022-04-14.html,893
ChinaEmbLesotho,ChinaEmbLesotho,NA,Chinese Embassy in Lesotho,Official Site of Chinese Embassy in Lesotho,864,TRUE,2022-04-14,inst/helper/platform_labels/cn_dips/twitter/raw/140422/html/ChinaEmbLesotho_2022-04-14.html,864
stuartyueh,stuartyueh,NA,Dr. Yue Xiaoyong岳晓勇（Yueh Hsiaoyung),Sp. Envoy of China FM forAfghan Affairs. 中国外交部阿富汗事务特使,851,FALSE,2022-04-14,inst/helper/platform_labels/cn_dips/twitter/raw/140422/html/stuartyueh_2022-04-14.html,851
HeRulong,HeRulong,NA,He Rulong 何儒龙,"Chinese Ambassador to Iceland.                                   into sports,nature and fun in everyday life",832,TRUE,2022-04-14,inst/helper/platform_labels/cn_dips/twitter/raw/140422/html/HeRulong_2022-04-14.html,832
ChinainVan,ChinainVan,NA,Chinese Consulate General in Vancouver,The official account of the Consulate General of the People's Republic of China in Vancouver,816,TRUE,2022-04-14,inst/helper/platform_labels/cn_dips/twitter/raw/140422/html/ChinainVan_2022-04-14.html,816
ChinaCG_CC,ChinaCG_CC,NA,Chinese Consulate General in Christchurch,"official twitter account of the Consulate General of People's Republic of China in Christchurch, New Zealand",814,TRUE,2022-04-14,inst/helper/platform_labels/cn_dips/twitter/raw/140422/html/ChinaCG_CC_2022-04-14.html,814
CGCCUSA,CGCCUSA,NA,China General Chamber of Commerce - USA,"CGCC is a non-governmental, non-partisan, non-profit organization connecting U.S. & Chinese business communities. Retweets ≠ Endorsement",811,FALSE,2022-04-14,inst/helper/platform_labels/cn_dips/twitter/raw/140422/html/CGCCUSA_2022-04-14.html,811
ChinaEmbNamibia,ChinaEmbNamibia,NA,Chinese Embassy in Namibia,Embassy of the People's Republic of China in the Republic of Namibia,788,FALSE,2022-04-14,inst/helper/platform_labels/cn_dips/twitter/raw/140422/html/ChinaEmbNamibia_2022-04-14.html,788
China_Ukraine_,China_Ukraine_,NA,Chinese Embassy in Ukraine,,785,FALSE,2022-04-14,inst/helper/platform_labels/cn_dips/twitter/raw/140422/html/China_Ukraine__2022-04-14.html,785
JennyinPak,JennyinPak,NA,JenniferQu,Chinese diplomat in Pakistan. Opinions are my own. China-Pakistan Dosti Zindabad!,753,FALSE,2022-04-14,inst/helper/platform_labels/cn_dips/twitter/raw/140422/html/JennyinPak_2022-04-14.html,753
LiuChan14790671,LiuChan14790671,NA,刘畅 Liu Chang,Agregada de Educación y Cultura de la Embajada de China en Panamá,720,FALSE,2022-04-14,inst/helper/platform_labels/cn_dips/twitter/raw/140422/html/LiuChan14790671_2022-04-14.html,720
CGChinaSP,CGChinaSP,NA,Consulado-Geral da China em São Paulo,Bem-vindo a seguir o nosso twitter! Aqui será uma plataforma para todos conhecerem melhor a China e as relações China-Brasil!,698,TRUE,2022-04-14,inst/helper/platform_labels/cn_dips/twitter/raw/140422/html/CGChinaSP_2022-04-14.html,698
ChinaEmbFinland,ChinaEmbFinland,NA,Embassy of China in Finland,Official Twitter account of the Embassy of the People's Republic of China in the Republic of Finland.,682,FALSE,2022-04-14,inst/helper/platform_labels/cn_dips/twitter/raw/140422/html/ChinaEmbFinland_2022-04-14.html,682
ChinaEmbBahrain,ChinaEmbBahrain,NA,Embassy of China in Bahrain,Offcial Twitter Account of Chinese Embassy in Bahrain,657,FALSE,2022-04-14,inst/helper/platform_labels/cn_dips/twitter/raw/140422/html/ChinaEmbBahrain_2022-04-14.html,657
MGuoliang,MGuoliang,NA,Ma Guoliang,Economic and Commercial Counsellor Embassy of the People’s Republic of China in the Republic of Fiji,638,FALSE,2022-04-14,inst/helper/platform_labels/cn_dips/twitter/raw/140422/html/MGuoliang_2022-04-14.html,638
chenhuixin,chenhuixin,NA,Chen Huixin,Political Counsellor of the Chinese Embassy in Uganda,625,FALSE,2022-04-14,inst/helper/platform_labels/cn_dips/twitter/raw/140422/html/chenhuixin_2022-04-14.html,625
ChineseEstonia,ChineseEstonia,NA,Chinese Embassy in Estonia,Chinese Embassy in Tallinn,625,FALSE,2022-04-14,inst/helper/platform_labels/cn_dips/twitter/raw/140422/html/ChineseEstonia_2022-04-14.html,625
YidingYang_MFA,YidingYang_MFA,NA,Yiding Yang,"Chinese diplomat, currently in Norway. It’s a beautiful world, live to the fullest! My life, my story, my view. Previously worked in/with ",624,FALSE,2022-04-14,inst/helper/platform_labels/cn_dips/twitter/raw/140422/html/YidingYang_MFA_2022-04-14.html,624
wuji_li,wuji_li,NA,LI Wuji,"Ministro Consejero, Embajada China en Panamá",604,FALSE,2022-04-14,inst/helper/platform_labels/cn_dips/twitter/raw/140422/html/wuji_li_2022-04-14.html,604
ChinaCGMTL,ChinaCGMTL,NA,Consulat général de Chine à Montréal,"Bienvenue au Consulat général de la République populaire de Chine à Montréal. Si vous avez des questions sur le visa, veuillez consulter http://visaforchina.org",602,TRUE,2022-04-14,inst/helper/platform_labels/cn_dips/twitter/raw/140422/html/ChinaCGMTL_2022-04-14.html,602
ChinaEmb_Juba,ChinaEmb_Juba,NA,China Emb in South Sudan南苏丹纪行,The official twitter account of the Embassy of the People's Republic of China in the Republic of South Sudan.中国驻南苏丹使馆官方推特账号,587,FALSE,2022-04-14,inst/helper/platform_labels/cn_dips/twitter/raw/140422/html/ChinaEmb_Juba_2022-04-14.html,587
ChnConsulateJhb,ChnConsulateJhb,NA,Chinese Consulate General in Johannesburg,Official twitter account of the Consulate-General of P.R.China in Johannesburg,567,FALSE,2022-04-14,inst/helper/platform_labels/cn_dips/twitter/raw/140422/html/ChnConsulateJhb_2022-04-14.html,567
ChinaEmbAntigua,ChinaEmbAntigua,NA,Chinese Embassy in Antigua and Barbuda,Official twitter account of the Embassy of the People's Republic of China in Antigua and Barbuda,537,FALSE,2022-04-14,inst/helper/platform_labels/cn_dips/twitter/raw/140422/html/ChinaEmbAntigua_2022-04-14.html,537
LiuYanCHN,LiuYanCHN,NA,Liu Yan,"Chinese Diplomat in the Netherlands. mother of twin girls, yogi, lover of history, culture, art. RT does not mean endorsement.",515,FALSE,2022-04-14,inst/helper/platform_labels/cn_dips/twitter/raw/140422/html/LiuYanCHN_2022-04-14.html,515
PoliteaChen,PoliteaChen,NA,Chen Yongpei,"Chinese Diplomat in Pakistan; Long live  China and Pakistan  friendship.Born in Xiamen, China.",486,FALSE,2022-04-14,inst/helper/platform_labels/cn_dips/twitter/raw/140422/html/PoliteaChen_2022-04-14.html,486
EmbChinaVen,EmbChinaVen,NA,Embajador de China en Venezuela,Cuenta Oficial del Embajador de la República Popular China en la República Bolivariana de Venezuela. Cordiales Saludos.,429,FALSE,2022-04-14,inst/helper/platform_labels/cn_dips/twitter/raw/140422/html/EmbChinaVen_2022-04-14.html,429
yang_zhiyu1979,yang_zhiyu1979,NA,Zhiyu Yang,"Counsellor, Chinese Embassy in Tanzania",384,FALSE,2022-04-14,inst/helper/platform_labels/cn_dips/twitter/raw/140422/html/yang_zhiyu1979_2022-04-14.html,384
DIOC_MFA_China,DIOC_MFA_China,NA,DIOC,"The official twitter account of the Department of International Organizations and Conferences, MFA, China",378,TRUE,2022-04-14,inst/helper/platform_labels/cn_dips/twitter/raw/140422/html/DIOC_MFA_China_2022-04-14.html,378
RibiaoChen,RibiaoChen,NA,Ribiao Chen,Let the world know a real China,360,FALSE,2022-04-14,inst/helper/platform_labels/cn_dips/twitter/raw/140422/html/RibiaoChen_2022-04-14.html,360
ChineseEmbinTT,ChineseEmbinTT,NA,Chinese Embassy in Trinidad and Tobago,Official twitter account of the Embassy of the People's Republic of China in the Republic of Trinidad and Tobago,358,FALSE,2022-04-14,inst/helper/platform_labels/cn_dips/twitter/raw/140422/html/ChineseEmbinTT_2022-04-14.html,358
liubintjk,liubintjk,NA,中国驻塔吉克斯坦大使刘彬,,348,FALSE,2022-04-14,inst/helper/platform_labels/cn_dips/twitter/raw/140422/html/liubintjk_2022-04-14.html,348
chinese_tjk,chinese_tjk,NA,中国驻塔吉克斯坦使馆,,333,FALSE,2022-04-14,inst/helper/platform_labels/cn_dips/twitter/raw/140422/html/chinese_tjk_2022-04-14.html,333
WDonghua,WDonghua,NA,Wang Donghua,,326,FALSE,2022-04-14,inst/helper/platform_labels/cn_dips/twitter/raw/140422/html/WDonghua_2022-04-14.html,326
ChinaMissionWTO,ChinaMissionWTO,NA,Permanent Mission of China to the WTO,Welcome to the official account of the Permanent Mission of the People's Republic of China to the World Trade Organization.,309,FALSE,2022-04-14,inst/helper/platform_labels/cn_dips/twitter/raw/140422/html/ChinaMissionWTO_2022-04-14.html,309
AmbChina2NZ,AmbChina2NZ,NA,Wang Xiaolong,"Ambassador, bridge builder, father and hiker.",307,FALSE,2022-04-14,inst/helper/platform_labels/cn_dips/twitter/raw/140422/html/AmbChina2NZ_2022-04-14.html,307
CGLi13,CGLi13,NA,CG li bijian,Consul General of China to Karachi,247,FALSE,2022-04-14,inst/helper/platform_labels/cn_dips/twitter/raw/140422/html/CGLi13_2022-04-14.html,247
zhuxianca,zhuxianca,NA,zhuxianca,Chinese diplomat working for a better world.RT/link/like/follow does not mean endorsement.,242,FALSE,2022-04-14,inst/helper/platform_labels/cn_dips/twitter/raw/140422/html/zhuxianca_2022-04-14.html,242
China_Emb_Mdv,China_Emb_Mdv,NA,Counsellor Yu Xueyong,Counsellor of the Chinese Embassy in Maldives,216,FALSE,2022-04-14,inst/helper/platform_labels/cn_dips/twitter/raw/140422/html/China_Emb_Mdv_2022-04-14.html,216
YichuSong,YichuSong,NA,Song Yichu,We can only do the right as we see the right!,200,FALSE,2022-04-14,inst/helper/platform_labels/cn_dips/twitter/raw/140422/html/YichuSong_2022-04-14.html,200
zgzspirit,zgzspirit,NA,Zhang Hao 张昊,Vice Consul of Consulate General of PRC in Karachi,176,FALSE,2022-04-14,inst/helper/platform_labels/cn_dips/twitter/raw/140422/html/zgzspirit_2022-04-14.html,176
WeiHongtian,WeiHongtian,NA,Wei Hongtian,Ambassador of the People's Republic of China to Grenada,164,TRUE,2022-04-14,inst/helper/platform_labels/cn_dips/twitter/raw/140422/html/WeiHongtian_2022-04-14.html,164
ChinaEmbOman,ChinaEmbOman,NA,Embassy of China in Oman سفارة الصين في سلطنة عمان,The official account of the Embassy of the People's Republic of China in the Sultanate of Oman.الحساب الرسمي لسفارة جمهورية الصين الشعبية في سلطنة عمان.,141,FALSE,2022-04-14,inst/helper/platform_labels/cn_dips/twitter/raw/140422/html/ChinaEmbOman_2022-04-14.html,141
prcembassyprg,prcembassyprg,NA,Chinese Embassy in Prague,Embassy of People's Republic of China in PragueAmbasáda Čínské Lidové Republiky v Praze,100,FALSE,2022-04-14,inst/helper/platform_labels/cn_dips/twitter/raw/140422/html/prcembassyprg_2022-04-14.html,100
CuplqwbmfaWenbo,CuplqwbmfaWenbo,NA,Wenbo,Embassy of China in Pakistan,79,FALSE,2022-04-14,inst/helper/platform_labels/cn_dips/twitter/raw/140422/html/CuplqwbmfaWenbo_2022-04-14.html,79
HongtieZhang,HongtieZhang,NA,zhang_hongtie,"Counsellor, Information Dpt,MFA ChinaRetweets≠endorsement",64,FALSE,2022-04-14,inst/helper/platform_labels/cn_dips/twitter/raw/140422/html/HongtieZhang_2022-04-14.html,64
AmbTangSonggen,AmbTangSonggen,NA,Tang Songgen 唐松根,Chinese Ambassador to Kiribati,57,FALSE,2022-04-14,inst/helper/platform_labels/cn_dips/twitter/raw/140422/html/AmbTangSonggen_2022-04-14.html,57
ChinaEmbCroatia,ChinaEmbCroatia,NA,Chinese Embassy in Croatia,Official twitter account of the Embassy of the People's Republic of China in the Republic of Croatia,50,FALSE,2022-04-14,inst/helper/platform_labels/cn_dips/twitter/raw/140422/html/ChinaEmbCroatia_2022-04-14.html,50
ErwenXu,ErwenXu,NA,Xu Erwen,Pro,50,FALSE,2022-04-14,inst/helper/platform_labels/cn_dips/twitter/raw/140422/html/ErwenXu_2022-04-14.html,50
durbandq,durbandq,NA,QiaoDing,Chinese consulate in Durban,49,FALSE,2022-04-14,inst/helper/platform_labels/cn_dips/twitter/raw/140422/html/durbandq_2022-04-14.html,49
ChinaEmbInNZ,ChinaEmbInNZ,NA,ChineseEmbassyInNZ,,32,FALSE,2022-04-14,inst/helper/platform_labels/cn_dips/twitter/raw/140422/html/ChinaEmbInNZ_2022-04-14.html,32
