country,ISO2,cat,twitter_handle,user_id,started_post,ended_post,last_checked,remarks,,,
Afghanistan,AF,A,ChinaEmbKabul,tbc,,,,,,Legend: ,
Ã…land Islands,AX,,,tbc,,,,,,A,Ambassador
Albania,AL,E,ChinaembassyT,tbc,,,,,,E,Embassy
Algeria,DZ,E,chinaalgeria,tbc,,,??,very young,,C ,Consulate/Consul
Algeria,DZ,E,ChinaEmbAlgeria,,,,??,,,,
American Samoa,AS,,,,,,,,,S,Staff Member
Andorra,AD,,,,,,,,,B,Beijing MFA
Angola,AO,E,ChinaEmbAngola,,,,,,,M,Media
Anguilla,AI,,,,,,,,,MP,Media Personality
Antarctica,AQ,,,,,,,,,O ,Other
Antigua and Barbuda,AG,E,ChinaEmbAntigua,,,,,,,,
Argentina,AR,E,ChinaEmbArg,,,,,,,,
Argentina,AR,S,amigoxiaolin,,,,,,,,
Armenia,AM,,,,,,,,,,
Aruba,AW,,,,,,,,,,
Australia,AU,C,ChinaConSydney,,,,,consulate sydney,,,
Australia,AU,C,ChineseCon_Mel,,,,2021-07-05,,,,
Australia,AU,S,Dong_zhihua,,,,,Consul Perth,,,
Austria,AT,E,chinaembaustria,,,,,,,,
Austria,AT,A,li_xiaosi,,,,,,,,
Azerbaijan,AZ,,,,,,,,,,
Bahrain,BH,,,,,,,,,,
Bahamas,BS,,,,,,,,,,
Bangladesh,BD,,,,,,,,,,
Barbados,BB,A,YXiusheng,,,,,,,,
Belarus,BY,E,ZhongBai2020,,,,,,,,
Belgium,BE,A,ChinaAmbBelgium,,,,,,,,
Belize,BZ,,,,,,,,,,
Benin,BJ,,,,,,,,,,
Bermuda,BM,,,,,,,,,,
Bhutan,BT,,,,,,,,,,
"Bolivia, Plurinational State of",BO,C,ConsuladoCHNSC,,,,,consulate,,,
"Bolivia, Plurinational State of",BO,C,WangJialei4,,,,,consul,,,
"Bonaire, Sint Eustatius and Saba",BQ,,,,,,,,,,
Bosnia and Herzegovina,BA,,,,,,,,,,
Botswana,BW,A,DrZhaoYanbo,,,,,,,,
Bouvet Island,BV,,,,,,,,,,
Brazil,BR,A,WanmingYang,,,,,,,,
Brazil,BR,E,EmbaixadaChina,,,,,,,,
Brazil,BR,C,ConsulChinaRJ,,,,,Consulate Rio,,,
Brazil,BR,C,CGChinaLiYang,,,,,,,,
Brazil,BR,C,CGChinaSP,,,,,joined june 20,,,
British Indian Ocean Territory,IO,,,,,,,,,,
Brunei Darussalam,BN,,,,,,,,,,
Bulgaria,BG,A,AmbDongXiaojun,,,,,joined May 20,,,
Burkina Faso,BF,,,,,,,,,,
Burundi,BI,E,AmbChineBurundi,,,,,,,,
Cambodia,KH,,,,,,,,,,
Cameroon,CM,E,AmbChineCmr,,,,,,,,
Canada,CA,E,ChinaEmbOttawa,,,,,,,,
Canada,CA,C,ChinaCGCalgary,,,,,Consulate Calgary,,,
Canada,CA,C,ChinainVan,,,,2021-07-05,,,,
Canada,CA,C,ChinaCGMTL,,,,2021-07-05,,,,
Cape Verde,CV,,,,,,,,,,
Cayman Islands,KY,,,,,,,,,,
Central African Republic,CF,,,,,,,,,,
Chad,TD,E,ambchinetchad,,,,,,,,
Chile,CL,E,ChinaEmbajada,,,,,check,,,
China,CN,,,,,,,,,,
Christmas Island,CX,,,,,,,,,,
Cocos (Keeling) Islands,CC,,,,,,,,,,
Colombia,CO,E,china_embajada,,,,,check,,,
Comoros,KM,,,,,,,,,,
Congo,CG,E,chinaembcongobz,,,,,joined april 20,,,
"Congo, the Democratic Republic of the",CD,E,AmbCHINEenRDC,,,,,,,,
"Congo, the Democratic Republic of the",CD,A,Amb_ZhuJing,,,,,,,,
Cook Islands,CK,,,,,,,,,,
Costa Rica,CR,,,,,,,,,,
CÃ´te d'Ivoire,CI,,,,,,,,,,
Croatia,HR,A,ErwenXu,,,,,new,,,
Cuba,CU,E,EmbChinaCuba,,,,,check,,,
Cuba,CU,S,yiwen_zh,,,,,,,,
CuraÃ§ao,CW,,,,,,,,,,
Cyprus,CY,A,AmbassadorLiu,,2020-11-02,,,,,,
Cyprus,CY,A,AmbassadorHuang,,,2020-08-08,,,,,
Czech Republic,CZ,E,ChineseEmbinCZ,,,,,check,,,
Czech Republic,CZ,E,prcembassyprg,,,,,,,,
Denmark,DK,E,ChinaInDenmark,,,,,,,,
Djibouti,DJ,E,ChineAmbDjibout,,,,,check,,,
Djibouti,DJ,E,embajadachinard,,,,,,,,
Dominica,DM,,,,,,,,,,
Dominican Republic,DO,E,ChinaEmbajadaRD,,,,,,,,
Dominican Republic,DO,A,EmbZhangRun,,,,,,,,
Dominican Republic,DO,S,luisxu9,,,,,,,,
Ecuador,EC,E,EmbajadaChinaEc,,,,,,check,,
Egypt,EG,A,AmbLiaoLiqiang,,,,,,,,
Egypt,EG,S,CHN_EGY,,,,,joined june 20,spokesperson,,
El Salvador,SV,E,EmbajadaChinaSV,,,,,#,,,
El Salvador,SV,A,oujianhong,,,,,,,,
Equatorial Guinea,GQ,E,EmbChinaGE,,,,,check,,,
Eritrea,ER,,,,,,,,,,
Estonia,EE,,,,,,,,,,
Ethiopia,ET,E,ChinaEmbAddis,,,,,,,,
Falkland Islands (Malvinas),FK,,,,,,,,,,
Faroe Islands,FO,,,,,,,,,,
Fiji,FJ,E,ChineseEmb_FJ,,,,2021-07-05,,,,
Finland,FI,E,ChinaEmbFinland,,,,,,,,
France,FR,E,AmbassadeChine,,,,,,,,
France,FR,C,consulat_de,,,,,Consulate Strasbourg,,,
France,FR,C,China_Lyon,,,,,Consulate Lyon,,,
French Guiana,GF,,,,,,,,,,
French Polynesia,PF,,,,,,,,,,
French Southern Territories,TF,,,,,,,,,,
Gabon,GA,,,,,,,,,,
Gambia,GM,,,,,,,,,,
Georgia,GE,,,,,,,,,,
Germany,DE,E,ChinaEmbGermany,,,,,,,,
Germany,DE,C,GeneralkonsulDu,,,,,,,,
Ghana,GH,,,,,,,,,,
Ghana,GH,E,ChinaEmbinGH,,,,,,,,
Gibraltar,GI,,,,,,,,,,
Greece,GR,E,Chinaemb_Hellas,,,,,joined july 20,,,
Greenland,GL,,,,,,,,,,
Grenada,GD,E,ChinaEmbGrenada,,,,,,,,
Grenada,GD,A,DrZhaoyongchen,,,,,,,,
Guadeloupe,GP,,,,,,,,,,
Guam,GU,,,,,,,,,,
Guatemala,GT,,,,,,,,,,
Guernsey,GG,,,,,,,,,,
Guinea,GN,E,chine_guinee,,,,,,,,
Guinea-Bissau,GW,,,,,,,,,,
Guyana,GY,,,,,,,,,,
Haiti,HT,,,,,,,,,,
Heard Island and McDonald Islands,HM,,,,,,,,,,
Holy See (Vatican City State),VA,,,,,,,,,,
Honduras,HN,,,,,,,,,,
Hong Kong,HK,,,,,,,,,,
Hungary,HU,E,ChineseEmbinHU,,,,,,,,
Iceland,IS,,,,,,,,,,
India,IN,A,China_Amb_India,,,,,,,,
India,IN,C,ZhaLiyou,,,,,Consul Kalkutta,,,
India,IN,S,ChinaSpox_India,,,,,Spokesperson,,,
Indonesia,ID,,,,,,,,,,
"Iran, Islamic Republic of",IR,A,AmbChangHua,,,,,,,,
Iraq,IQ,E,ChinaIraq,,,,,,,,
Ireland,IE,E,ChinaEmbIreland,,,,,,,,
Isle of Man,IM,,,,,,,,,,
Israel,IL,,,,,,,,,,
Italy,IT,E,AmbCina,,,,,,,,
Jamaica,JM,,,,,,,,,,
Japan,JP,E,ChnEmbassy_jp,,,,,,,,
Japan,JP,C,ChnConsul_osaka,,,,,Consulate Osaka,,,
Japan,JP,C,ChnConsulateNgt,,,,,Consulate Niigata,,,
Japan,JP,C,ChnConsulateNgo,,,,,Consulate Nagoya,,,
Japan,JP,C,ChnConsulateFuk,,,,,Consulate Fukoka,,,
Jersey,JE,,,,,,,,,,
Jordan,JO,E,ChineseembassyJ,,,,,,,,
Kazakhstan,KZ,E,ChinaEmbKazakh,,,,,,,,
Kenya,KE,E,ChineseEmbKenya,,,,,,,,
Kiribati,KI,,,,,,,,,,
"Korea, Democratic People's Republic of",KP,,,,,,,,,,
"Korea, Republic of",KR,C,jejuZLG,,,,,Consulate Jeju,,,
Kuwait,KW,E,ChinaEmbKuwait,,,,,,,,
Kyrgyzstan,KG,,,,,,,,,,
Lao People's Democratic Republic,LA,,,,,,,,,,
Latvia,LV,,,,,,,,,,
Lebanon,LB,S,zhuxianca,,,,,,,,
Lebanon,LB,A,ChinainLebanon,,,,,,,,
Lebanon,LB,S,CAOYI170610,,,,,,,,
Lebanon,LB,S,CaoYi_MFA,,,,,probably renamed from above,,,
Lesotho,LS,A,AmbassadorLei,,,,,,,,
Lesotho,LS,S,MGuoliang,,,,,,,,
Lesotho,LS,S,Song_Chq,,,,2021-07-05,,,,
Lesotho,LS,E,ChinaEmbLesotho,,,,,,,,
Liberia,LR,E,ChineseLiberia,,,,,,,,
Libya,LY,,,,,,,,,,
Liechtenstein,LI,,,,,,,,,,
Lithuania,LT,A,ZhifeiShen,,,,,new,,,
Luxembourg,LU,,,,,,,,,,
Macao,MO,,,,,,,,,,
"Macedonia, the Former Yugoslav Republic of",MK,,,,,,,,,,
Madagascar,MG,,,,,,,,,,
Malawi,MW,A,LiuHongyang4,,,,,,,,
Malawi,MW,E,ChinaEmbassy_MW,,,,,,,,
Malaysia,MY,,,,,,,,,,
Maldives,MV,A,AmbassadorZhang,,,,,,,,
Maldives,MV,E,ChinaEmbassyMV,,,,2021-07-05,,,,
Mali,ML,E,Chine_au_Mali,,,,,,,,
Mali,ML,A,LiyingZHU1,,,,,,,,
Mali,ML,E,ChinaEmbMalta,,,,,,,,
Malta,MT,A,YDunhai,,,,,,,,
Marshall Islands,MH,,,,,,,,,,
Martinique,MQ,,,,,,,,,,
Mauritania,MR,E,ChinaEmbinMR,,,,,,,,
Mauritius,MU,,,,,,,,,,
Mayotte,YT,,,,,,,,,,
Mexico,MX,E,EmbChinaMex,,,,2021-07-05,,,,
"Micronesia, Federated States of",FM,,,,,,,,,,
"Moldova, Republic of",MD,,,,,,,,,,
Monaco,MC,,,,,,,,,,
Mongolia,MN,,,,,,,,,,
Montenegro,ME,E,ChineseEmbinMNE,,,,2021-07-05,,,,
Montserrat,MS,,,,,,,,,,
Morocco,MA,A,AmbassadeurLiLi,,,,,,,,
Mozambique,MZ,,,,,,,,,,
Myanmar,MM,,,,,,,,,,
Namibia,NA,A,Amb_Yiming,,,,,,,,
Nauru,NR,,,,,,,,,,
Nepal,NP,A,PRCAmbNepal,,,,,,,,
Netherlands,NL,S,RibiaoChen,,,,,,,,
Netherlands,NL,S,LiuYanCHN,,,,,,,,
Netherlands,NL,A,PRCAmbNL,,,,,,,,
Netherlands,NL,A,ChinaAmbNL,,,,,new since Dec 2020,,,
Netherlands,NL,E,ChinaEmbNL,,,,,joined june 20,,,
New Caledonia,NC,,,,,,,,,,
New Zealand,NZ,,,,,,,,,,
Nicaragua,NI,,,,,,,,,,
Niger,NE,,,,,,,,,,
Nigeria,NG,E,china_emb_ng,,,,,,,,
Niue,NU,,,,,,,,,,
Norfolk Island,NF,,,,,,,,,,
Northern Mariana Islands,MP,,,,,,,,,,
Norway,NO,,,,,,,,,,
Oman,OM,E,ChinaEmbOman,,,,2021-07-05,,,,
Pakistan,PK,E,CathayPak,,,,,,,,
Pakistan,PK,A,AmbNong,,,,,,,,
Pakistan,PK,C,CGLi13,,,,,,,,
Pakistan,PK,C,libijian2,,,,,Consul Karachi,,,
Pakistan,PK,S,WangXianfeng8,,,,,press officer embassy,,,
Pakistan,PK,S,zhang_heqing,,,,,consular officer,,,
Pakistan,PK,S,JennyinPak,,,,,,,,
Pakistan,PK,S,YichuSong,,,,,,,,
Pakistan,PK,S,zgzspirit,,,,,,,,
Pakistan,PK,S,GuWenliang,,,,,,,,
Pakistan,PK,S,PoliteaChen,,,,,,,,
Pakistan,PK,S,CuplqwbmfaWenbo,,,,,,,,
Palau,PW,,,,,,,,,,
"Palestine, State of",PS,,,,,,,,,,
Panama,PA,A,weiasecas,,,,,,,,
Panama,PA,S,liuboleo2,,,,,Deputy Chief,,,
Panama,PA,S,juliojiangwei,,,,,Spokesperson,,,
Panama,PA,S,LiuChan14790671,,,,,,,,
Panama,PA,S,WangJianPaco,,,,,Economic Counsellor,,,
Panama,PA,S,China_Panama,,,,,Agregado Comerciak,,,
Papua New Guinea,PG,E,ChineseEmb_PNG,,,,,,,,
Paraguay,PY,,,,,,,,,,
Peru,PE,E,ChinaEmbPeru,,,,,,,,
Philippines,PH,E,Chinaembmanila,,,,,,,,
Pitcairn,PN,,,,,,,,,,
Poland,PL,A,AmbLiuGuangYuan,,,,,,,,
Poland,PL,E,ChinaEmbPoland,,,,,,,,
Portugal,PT,,,,,,,,,,
Puerto Rico,PR,,,,,,,,,,
Qatar,QA,A,AmbZhouJian,,,,,,,,
RÃ©union,RE,,,,,,,,,,
Romania,RO,,,,,,,,,,
Russian Federation,RU,E,ChineseEmbinRus,,,,,,,,
Rwanda,RW,S,HudsonWang1,,,,,,,,
Saint BarthÃ©lemy,BL,,,,,,,,,,
"Saint Helena, Ascension and Tristan da Cunha",SH,,,,,,,,,,
Saint Kitts and Nevis,KN,,,,,,,,,,
Saint Lucia,LC,,,,,,,,,,
Saint Martin (French part),MF,,,,,,,,,,
Saint Pierre and Miquelon,PM,,,,,,,,,,
Saint Vincent and the Grenadines,VC,,,,,,,,,,
Samoa,WS,E,chinaandsamoa,,,,,,,,
San Marino,SM,,,,,,,,,,
Sao Tome and Principe,ST,,,,,,,,,,
Saudi Arabia,SA,E,ChinaEmbKSA,,,,,,,,
Saudi Arabia,SA,A,AmbChenWeiQing,,,,,,,,
Senegal,SN,A,chineambassade,,,,,,,,
Serbia,RS,A,AmbChenBo,,,,,,,,
Serbia,RS,E,EmbChina_RS,,,,,,,,
Seychelles,SC,,,,,,,,,,
Sierra Leone,SL,,,,,,,,,,
Singapore,SG,,,,,,,,,,
Sint Maarten (Dutch part),SX,,,,,,,,,,
Slovakia,SK,E,ChinaEmbSVK,,,,,,,,
Slovenia,SI,E,ChinaEmSlovenia,,,,,,,,
Solomon Islands,SB,,,,,,,,,,
Somalia,SO,E,ChineseSomalia,,,,,,,,
Somalia,SO,A,AmbSomQinJian,,,,,,,,
Somalia,SO,A,Amb2SomQinJian,,,,,duplicates,,,
South Africa,ZA,E,ChineseEmbSA,,,,,,,,
South Africa,ZA,A,AmbCHENXiaodong,,,,,,,,
South Africa,ZA,C,ChnConsulateJhb,,,,,Consulate Johannisburg,,,
South Africa,ZA,C,CGCHINA_CPT,,,,,Consulate Capetown,,,
South Africa,ZA,S,indurban1,,,,,,,,
South Africa,ZA,S,durbandq,,,,2021-07-05,,,,
South Georgia and the South Sandwich Islands,GS,,,,,,,,,,
South Sudan,SS,,,,,,,,,,
Spain,ES,E,ChinaEmbEsp,,,,,,,,
Spain,ES,S,YaoFei9,,,,,Counsellor,,,
Spain,ES,C,ConsulChinaBcn,,,,,Consulate Barcelona,,,
Sri Lanka,LK,E,ChinaEmbSL,,,,,,,,
Sudan,SD,E,CHNembinSudan,,,,2021-07-05,,,,
Suriname,SR,E,CHNEmbSuriname,,,,2021-07-05,,,,
Suriname,SR,A,AmbLiuQuan,,,,,,,,
Svalbard and Jan Mayen,SJ,,,,,,,,,,
Swaziland,SZ,,,,,,,,,,
Sweden,SE,,,,,,,,,,
Switzerland,CH,,,,,,,,,,
Switzerland,CH,S,Dr_ZhaoQinghua,,,,,Consul Zurich,,,
Syrian Arab Republic,SY,A,AmbFengBiao,,,,,,,,
"Taiwan, Province of China",TW,,,,,,,,,,
Tajikistan,TJ,E,chinese_tjk,,,,2021-07-05,,,,
Tajikistan,TJ,A,liubintjk,,,,2021-07-05,,,,
"Tanzania, United Republic of",TZ,E,ChineseEmbTZ,,,,,,,,
Thailand,TH,A,chineseembassy1,,,,,,,,
Timor-Leste,TL,,,,,,,,,,
Togo,TG,,,,,,,,,,
Tokelau,TK,,,,,,,,,,
Tonga,TO,E,embassy_chinese,,,,,,,,
Trinidad and Tobago,TT,E,ChineseEmbinTT,,,,,,,,
Trinidad and Tobago,TT,A,AmbFangQiu,,,,,,,,
Tunisia,TN,,,,,,,,,,
Turkey,TR,E,ChinaEmbTurkey,,,,,,,,
Turkey,TR,C,chinaconsulist,,,,,,,,
Turkmenistan,TM,,,,,,,,,,
Turks and Caicos Islands,TC,,,,,,,,,,
Tuvalu,TV,,,,,,,,,,
Uganda,UG,E,ChineseEmb_Uga,,,,,,,,
Uganda,UG,A,ChinaAmbUganda,,,,,,,,
Uganda,UG,S,FangYi85320692,,,,,Spokesperson Embassy UG,,,
Uganda,UG,S,chenhuixin,,,,,Deputy Ambassador,,,
Ukraine,UA,E,China_Ukraine_,,,,,,,,
United Arab Emirates,AE,C,CGPRCinDubai,,,,,Consulate Dubai,,,
United Kingdom,GB,E,ChineseEmbinUK,,,,,,,,
United Kingdom,GB,A,AmbLiuXiaoMing,,,2021-02-25,2021-07-05,,,,
United Kingdom,GB,A,Ambzhengzeguang,,2021-06-01,,2021-07-05,,,,
United Kingdom,GB,S,MahuiChina,,,,,minister,,,
United Kingdom,GB,C,CGMeifangZhang,,,,,,,,
United Kingdom,GB,C,CCGBelfast,,,,,,,,
United Kingdom,GB,C,chinacgedi,,,,,,,,
United States,US,E,ChineseEmbinUS,,,,,,,,
United States,US,A,AmbCuiTiankai,,,,,,,,
United States,US,S,CGZhangPingLA,,,,,Consul LA,,,
United States,US,C,ChinaConsulate,,,,,Consulate Chicago,,,
United States,US,C,ConsulateSan,,,,,,,,
United States,US,C,WDonghua,,,,,,,,
United States Minor Outlying Islands,UM,,,,,,,,,,
Uruguay,UY,,,,,,,,,,
Uzbekistan,UZ,,,,,,,,,,
Vanuatu,VU,,,,,,,,,,
"Venezuela, Bolivarian Republic of",VE,A,Li_Baorong,,,,,,,,
"Venezuela, Bolivarian Republic of",VE,E,Emb_ChinaVen,,,,,,,,
Viet Nam,VN,,,,,,,,,,
"Virgin Islands, British",VG,,,,,,,,,,
"Virgin Islands, U.S.",VI,,,,,,,,,,
Wallis and Futuna,WF,,,,,,,,,,
Western Sahara,EH,,,,,,,,,,
Yemen,YE,E,ChineseEmbtoYEM,,,,,,,,
Zambia,ZM,,,,,,,,,,
Zimbabwe,ZW,E,ChineseZimbabwe,,,,,,,,
Zimbabwe,ZW,A,China_Amb_Zim,,,,,,,,
Zimbabwe,ZW,S,zhaobaogang2011,,,,,Deputy Ambassador,,,
Zimbabwe,ZW,C,salahzhang,,,,,C,,,
Permanent Mission of China to UNESCAP,OTH,E,permanent_of,,,,,,,,
CIDCA,OTH,B,cidcaofficial,,,,,,,,
African Union,OTH,A,Ambassador_Liu,,,,,,,,
ASEAN,OTH,E,China2ASEAN,,,,,,,,
UN,OTH,E,Chinamission2un,,,,,,,,
UN,OTH,A,ChinaAmbUN,,,,,,,,
UN Geneva,OTH,A,Amb_ChenXu,,,,,,,,
Disarmament,OTH,A,Amb_LiSong,,,,,,,,
UN NY,OTH,E,CHN_UN_NY,,,,,added may 20,,,
UN Geneva,OTH,E,ChinaMissionGva,,,,,,,,
UN Vienna,OTH,E,ChinaMissionVie,,,,,,,,
EU,OTH,E,ChinaEUMission,,,,,,,,
Spokesperson Geneva,OTH,E,ChnMission,,,,,,,,
OPCW,OTH,E,China_OPCW,,,,,,,,
China SCIO,OTH,B,chinascio,,,,,,,,
,OTH,B,zlj517,,,,,,,,
,OTH,B,MFA_China,,,,,,,,
,OTH,B,SpokespersonCHN,,,,,,,,
,OTH,B,SpokespersonHZM,,,,,,,,
Arms Control,OTH,B,FuCong17,,,,,,,,
Department of African Affairs MFA,OTH,B,WuPeng_MFAChina,,,,,,,,
,OTH,UF,CGCCUSA,,,,,,,,
,OTH,UF,ciieonline,,,,,,,,
