mission_name,cat,region,role,dip_name,suffix,id,url
Mission of the People's Republic of China to ASEAN,international_organizations,global,Ambassador,H.E. Mr. Deng Xijun,NA,t1035507,https://www.fmprc.gov.cn/mfa_eng/wjb_663304/zwjg_665342/2506_665376//t1035507.shtml
Chinese Consulate-General in Zamyn-Uud(Mongolia),consulate,Asia,Consul General,Li Yanjun,NA,t1088825,https://www.fmprc.gov.cn/mfa_eng/wjb_663304/zwjg_665342/2498_665360/2499_665362//t1088825.shtml
Chinese Consulate-General in Luang Prabang(Lao),consulate,Asia,Consul General,Li Zhigong,NA,t1104487,https://www.fmprc.gov.cn/mfa_eng/wjb_663304/zwjg_665342/2498_665360/2499_665362//t1104487.shtml
Chinese Consulate-General in Willemstad (Dutch Caribbean),consulate,Europe,Consul General,Li Yigang,NA,t1116239,https://www.fmprc.gov.cn/mfa_eng/wjb_663304/zwjg_665342/2498_665360/2503_665370//t1116239.shtml
Chinese Consulate-General in Khon Kaen (Thailand),consulate,Asia,Consul-General,Liao Junyun,NA,t1169764,https://www.fmprc.gov.cn/mfa_eng/wjb_663304/zwjg_665342/2498_665360/2499_665362//t1169764.shtml
Chinese Embassy in Somalia,embassy,Africa,Ambassador,Fei Shengchao,NA,t1201067,https://www.fmprc.gov.cn/mfa_eng/wjb_663304/zwjg_665342/2490_665344/2493_665350//t1201067.shtml
Chinese Consulate-General in Erbil (Iraq),consulate,Western Asia and North Africa,Consul General,Ni Ruchi,NA,t1213971,https://www.fmprc.gov.cn/mfa_eng/wjb_663304/zwjg_665342/2498_665360/2500_665364//t1213971.shtml
Chinese Consulate-General in Denpasar (Indonesia),consulate,Asia,ConsulGeneral,Zhu Xinglong,NA,t1218622,https://www.fmprc.gov.cn/mfa_eng/wjb_663304/zwjg_665342/2498_665360/2499_665362//t1218622.shtml
Mission of the People's Republic of China to the African Union,international_organizations,global,Ambassador,Liu Yuxi,NA,t1262684,https://www.fmprc.gov.cn/mfa_eng/wjb_663304/zwjg_665342/2506_665376//t1262684.shtml
Chinese Consulate-General in Recife (Brazil),consulate,Latin America,Consul General,Yan Yuqing,NA,t1287565,https://www.fmprc.gov.cn/mfa_eng/wjb_663304/zwjg_665342/2498_665360/2505_665374//t1287565.shtml
Chinese Consulate-General in Belfast (United Kingdom),consulate,Europe,Consul General,Wang Shuying,NA,t1290663,https://www.fmprc.gov.cn/mfa_eng/wjb_663304/zwjg_665342/2498_665360/2503_665370//t1290663.shtml
Chinese Consulate-General in Osh (Kyrghyz),consulate,Europe and Central Asia,Consul General,Cui Shaochun,NA,t1308185,https://www.fmprc.gov.cn/mfa_eng/wjb_663304/zwjg_665342/2498_665360/2502_665368//t1308185.shtml
Chinese Embassy in Afghanistan,embassy,Asia,Ambassador,Wang Yu,NA,t14373,https://www.fmprc.gov.cn/mfa_eng/wjb_663304/zwjg_665342/2490_665344/2491_665346//t14373.shtml
Chinese Embassy in D.P.R.K.(the Democratic People's Republic of Korea),embassy,Asia,Ambassador,Li Jinjun,NA,t14374,https://www.fmprc.gov.cn/mfa_eng/wjb_663304/zwjg_665342/2490_665344/2491_665346//t14374.shtml
Chinese Embassy in India,embassy,Asia,Ambassador,Sun Weidong,NA,t14375,https://www.fmprc.gov.cn/mfa_eng/wjb_663304/zwjg_665342/2490_665344/2491_665346//t14375.shtml
Chinese Embassy in Indonesia,embassy,Asia,Ambassador,Xiao qian,NA,t14376,https://www.fmprc.gov.cn/mfa_eng/wjb_663304/zwjg_665342/2490_665344/2491_665346//t14376.shtml
Chinese Embassy in Japan,embassy,Asia,Ambassador,Kong Xuanyou,NA,t14377,https://www.fmprc.gov.cn/mfa_eng/wjb_663304/zwjg_665342/2490_665344/2491_665346//t14377.shtml
Chinese Embassy in Lao,embassy,Asia,Ambassador,Jiang Zaidong,NA,t14378,https://www.fmprc.gov.cn/mfa_eng/wjb_663304/zwjg_665342/2490_665344/2491_665346//t14378.shtml
Chinese Embassy in Malaysia,embassy,Asia,Ambassador,Ouyang Yujing,NA,t14379,https://www.fmprc.gov.cn/mfa_eng/wjb_663304/zwjg_665342/2490_665344/2491_665346//t14379.shtml
Chinese Embassy in Mongolia,embassy,Asia,Ambassador,Chai Wenrui,NA,t14380,https://www.fmprc.gov.cn/mfa_eng/wjb_663304/zwjg_665342/2490_665344/2491_665346//t14380.shtml
Chinese Embassy in Brunei,embassy,Asia,Ambassador,Yu Hong,NA,t14381,https://www.fmprc.gov.cn/mfa_eng/wjb_663304/zwjg_665342/2490_665344/2491_665346//t14381.shtml
Chinese Embassy in Nepal,embassy,Asia,Ambassador,Hou Yanqi,NA,t14382,https://www.fmprc.gov.cn/mfa_eng/wjb_663304/zwjg_665342/2490_665344/2491_665346//t14382.shtml
Chinese Embassy in Sri Lanka,embassy,Asia,Ambassador,Qi Zhenhong,NA,t14383,https://www.fmprc.gov.cn/mfa_eng/wjb_663304/zwjg_665342/2490_665344/2491_665346//t14383.shtml
Chinese Embassy in Thailand,embassy,Asia,Ambassador,Han Zhiqiang,NA,t14384,https://www.fmprc.gov.cn/mfa_eng/wjb_663304/zwjg_665342/2490_665344/2491_665346//t14384.shtml
Chinese Embassy in Cambodia,embassy,Asia,Ambassador,Wang Wentian,NA,t14385,https://www.fmprc.gov.cn/mfa_eng/wjb_663304/zwjg_665342/2490_665344/2491_665346//t14385.shtml
Chinese Embassy in Bangladesh,embassy,Asia,Ambassador,Li Jiming,NA,t14386,https://www.fmprc.gov.cn/mfa_eng/wjb_663304/zwjg_665342/2490_665344/2491_665346//t14386.shtml
Chinese Embassy in R.O.K.(the Republic of Korea),embassy,Asia,Ambassador,Xing Haiming,NA,t14387,https://www.fmprc.gov.cn/mfa_eng/wjb_663304/zwjg_665342/2490_665344/2491_665346//t14387.shtml
Chinese Embassy in Singapore,embassy,Asia,Ambassador,Hong Xiaoyong,NA,t14388,https://www.fmprc.gov.cn/mfa_eng/wjb_663304/zwjg_665342/2490_665344/2491_665346//t14388.shtml
Chinese Embassy in the Philippines,embassy,Asia,Ambassador,Huang Xilian,NA,t14389,https://www.fmprc.gov.cn/mfa_eng/wjb_663304/zwjg_665342/2490_665344/2491_665346//t14389.shtml
Chinese Embassy in Vietnam,embassy,Asia,Ambassador,Xiong Bo,NA,t14390,https://www.fmprc.gov.cn/mfa_eng/wjb_663304/zwjg_665342/2490_665344/2491_665346//t14390.shtml
Chinese Embassy in Pakistan,embassy,Asia,Ambassador,Nong Rong,NA,t14391,https://www.fmprc.gov.cn/mfa_eng/wjb_663304/zwjg_665342/2490_665344/2491_665346//t14391.shtml
Chinese Embassy in Myanmar,embassy,Asia,Ambassador,Chen Hai,NA,t14392,https://www.fmprc.gov.cn/mfa_eng/wjb_663304/zwjg_665342/2490_665344/2491_665346//t14392.shtml
Chinese Embassy in East Timor,embassy,Asia,Ambassador,Xiao Jianguo,NA,t14394,https://www.fmprc.gov.cn/mfa_eng/wjb_663304/zwjg_665342/2490_665344/2491_665346//t14394.shtml
Chinese Embassy in Bahrain,embassy,Western Asia and North Africa,Ambassador,An Wa'er,NA,t14395,https://www.fmprc.gov.cn/mfa_eng/wjb_663304/zwjg_665342/2490_665344/2492_665348//t14395.shtml
Chinese Embassy in Iran,embassy,Western Asia and North Africa,Ambassador,Chang Hua,NA,t14396,https://www.fmprc.gov.cn/mfa_eng/wjb_663304/zwjg_665342/2490_665344/2492_665348//t14396.shtml
Chinese Embassy in Lebanon,embassy,Western Asia and North Africa,Ambassador,Qian Minjian,NA,t14397,https://www.fmprc.gov.cn/mfa_eng/wjb_663304/zwjg_665342/2490_665344/2492_665348//t14397.shtml
Chinese Embassy in Iraq,embassy,Western Asia and North Africa,Ambassador,Zhang Tao,NA,t14398,https://www.fmprc.gov.cn/mfa_eng/wjb_663304/zwjg_665342/2490_665344/2492_665348//t14398.shtml
Chinese Embassy in Syria,embassy,Western Asia and North Africa,Ambassador,Feng Biao,NA,t14399,https://www.fmprc.gov.cn/mfa_eng/wjb_663304/zwjg_665342/2490_665344/2492_665348//t14399.shtml
Chinese Embassy in Egypt,embassy,Western Asia and North Africa,Ambassador,Liao Liqiang,NA,t14400,https://www.fmprc.gov.cn/mfa_eng/wjb_663304/zwjg_665342/2490_665344/2492_665348//t14400.shtml
Chinese Embassy in Algeria,embassy,Western Asia and North Africa,Ambassador,Li Lianhe,NA,t14401,https://www.fmprc.gov.cn/mfa_eng/wjb_663304/zwjg_665342/2490_665344/2492_665348//t14401.shtml
Chinese Embassy in Libyan,embassy,Western Asia and North Africa,Ambassador,Li Zhiguo,NA,t14402,https://www.fmprc.gov.cn/mfa_eng/wjb_663304/zwjg_665342/2490_665344/2492_665348//t14402.shtml
Chinese Embassy in Jordan,embassy,Western Asia and North Africa,Ambassador,Chen Chuandong,NA,t14403,https://www.fmprc.gov.cn/mfa_eng/wjb_663304/zwjg_665342/2490_665344/2492_665348//t14403.shtml
Chinese Embassy in Mauritania,embassy,Western Asia and North Africa,Ambassador,Li Baijun,NA,t14404,https://www.fmprc.gov.cn/mfa_eng/wjb_663304/zwjg_665342/2490_665344/2492_665348//t14404.shtml
Chinese Embassy in Morocco,embassy,Western Asia and North Africa,Ambassador,Li Changlin,NA,t14405,https://www.fmprc.gov.cn/mfa_eng/wjb_663304/zwjg_665342/2490_665344/2492_665348//t14405.shtml
Chinese Embassy in Saudi Arabia,embassy,Western Asia and North Africa,Ambassador,Chen Weiqing,NA,t14406,https://www.fmprc.gov.cn/mfa_eng/wjb_663304/zwjg_665342/2490_665344/2492_665348//t14406.shtml
Chinese Embassy in Sudan,embassy,Western Asia and North Africa,Ambassador,Ma Xinmin,NA,t14407,https://www.fmprc.gov.cn/mfa_eng/wjb_663304/zwjg_665342/2490_665344/2492_665348//t14407.shtml
Chinese Embassy in Tunisian,embassy,Western Asia and North Africa,Ambassador,Zhang Jianguo,NA,t14408,https://www.fmprc.gov.cn/mfa_eng/wjb_663304/zwjg_665342/2490_665344/2492_665348//t14408.shtml
Chinese Embassy in Turkey,embassy,Western Asia and North Africa,Ambassador,Liu Shaobin,NA,t14409,https://www.fmprc.gov.cn/mfa_eng/wjb_663304/zwjg_665342/2490_665344/2492_665348//t14409.shtml
Chinese Embassy in Israel,embassy,Western Asia and North Africa,Ambassador,Cai Run,NA,t14410,https://www.fmprc.gov.cn/mfa_eng/wjb_663304/zwjg_665342/2490_665344/2492_665348//t14410.shtml
Chinese Embassy in Kuwait,embassy,Western Asia and North Africa,Ambassador,Li Minggang,NA,t14411,https://www.fmprc.gov.cn/mfa_eng/wjb_663304/zwjg_665342/2490_665344/2492_665348//t14411.shtml
Chinese Embassy in Qatar,embassy,Western Asia and North Africa,Ambassador,Zhou Jian,NA,t14412,https://www.fmprc.gov.cn/mfa_eng/wjb_663304/zwjg_665342/2490_665344/2492_665348//t14412.shtml
Chinese Embassy in Oman,embassy,Western Asia and North Africa,Ambassador,Li Lingbing,NA,t14413,https://www.fmprc.gov.cn/mfa_eng/wjb_663304/zwjg_665342/2490_665344/2492_665348//t14413.shtml
Chinese Embassy in the United Arab Emirates,embassy,Western Asia and North Africa,Ambassador,Ni Jian,NA,t14414,https://www.fmprc.gov.cn/mfa_eng/wjb_663304/zwjg_665342/2490_665344/2492_665348//t14414.shtml
Chinese Embassy in Yemen,embassy,Western Asia and North Africa,Ambassador,Kang Yong,NA,t14415,https://www.fmprc.gov.cn/mfa_eng/wjb_663304/zwjg_665342/2490_665344/2492_665348//t14415.shtml
Chinese Embassy in Cyprus,embassy,Europe,Ambassador,Liu Yantao,NA,t14416,https://www.fmprc.gov.cn/mfa_eng/wjb_663304/zwjg_665342/2490_665344/2495_665354//t14416.shtml
Office of the People's Republic of China to the Palestinian National Authority,international_organizations,global,Director,Yang Weiguo,NA,t14417,https://www.fmprc.gov.cn/mfa_eng/wjb_663304/zwjg_665342/2506_665376//t14417.shtml
Chinese Embassy in Djibouti,embassy,Africa,Ambassador,Hu Bin,NA,t14418,https://www.fmprc.gov.cn/mfa_eng/wjb_663304/zwjg_665342/2490_665344/2493_665350//t14418.shtml
Chinese Embassy in Angola,embassy,Africa,Ambassador,Gong Tao,NA,t14419,https://www.fmprc.gov.cn/mfa_eng/wjb_663304/zwjg_665342/2490_665344/2493_665350//t14419.shtml
Chinese Embassy in Botswana,embassy,Africa,Ambassador,Wang Xuefeng,NA,t14420,https://www.fmprc.gov.cn/mfa_eng/wjb_663304/zwjg_665342/2490_665344/2493_665350//t14420.shtml
Chinese Embassy in Central Africa,embassy,Africa,Ambassador,Chen Dong,NA,t14421,https://www.fmprc.gov.cn/mfa_eng/wjb_663304/zwjg_665342/2490_665344/2493_665350//t14421.shtml
Chinese Embassy in Gabon,embassy,Africa,Ambassador,Hu Changchun,NA,t14422,https://www.fmprc.gov.cn/mfa_eng/wjb_663304/zwjg_665342/2490_665344/2493_665350//t14422.shtml
Chinese Embassy in Guinea-Bissau,embassy,Africa,Ambassador,Guo Ce,NA,t14423,https://www.fmprc.gov.cn/mfa_eng/wjb_663304/zwjg_665342/2490_665344/2493_665350//t14423.shtml
Chinese Embassy in Mauritius,embassy,Africa,Ambassador,Zhu Liying,NA,t14424,https://www.fmprc.gov.cn/mfa_eng/wjb_663304/zwjg_665342/2490_665344/2493_665350//t14424.shtml
Chinese Embassy in Mozambique,embassy,Africa,Ambassador,Wang Hejun,NA,t14425,https://www.fmprc.gov.cn/mfa_eng/wjb_663304/zwjg_665342/2490_665344/2493_665350//t14425.shtml
Chinese Embassy in Nigeria,embassy,Africa,Ambassador,Cui Jianchun,NA,t14426,https://www.fmprc.gov.cn/mfa_eng/wjb_663304/zwjg_665342/2490_665344/2493_665350//t14426.shtml
Chinese Embassy in Rwanda,embassy,Africa,Ambassador,Rao Hongwei,NA,t14427,https://www.fmprc.gov.cn/mfa_eng/wjb_663304/zwjg_665342/2490_665344/2493_665350//t14427.shtml
Chinese Embassy in Tanzania,embassy,Africa,Ambassador,Chen Mingjian,NA,t14428,https://www.fmprc.gov.cn/mfa_eng/wjb_663304/zwjg_665342/2490_665344/2493_665350//t14428.shtml
Chinese Embassy in D.R. Congo,embassy,Africa,Ambassador,Zhu Jing,NA,t14429,https://www.fmprc.gov.cn/mfa_eng/wjb_663304/zwjg_665342/2490_665344/2493_665350//t14429.shtml
Chinese Embassy in Ethiopia,embassy,Africa,Ambassador,Zhao Zhiyuan,NA,t14430,https://www.fmprc.gov.cn/mfa_eng/wjb_663304/zwjg_665342/2490_665344/2493_665350//t14430.shtml
Chinese Embassy in Comores,embassy,Africa,Ambassador,He Yanjun,NA,t14431,https://www.fmprc.gov.cn/mfa_eng/wjb_663304/zwjg_665342/2490_665344/2493_665350//t14431.shtml
Chinese Embassy in Lesotho,embassy,Africa,Ambassador,Lei Kezhong,NA,t14432,https://www.fmprc.gov.cn/mfa_eng/wjb_663304/zwjg_665342/2490_665344/2493_665350//t14432.shtml
Chinese Embassy in Benin,embassy,Africa,Ambassador,Peng Jingtao,NA,t14433,https://www.fmprc.gov.cn/mfa_eng/wjb_663304/zwjg_665342/2490_665344/2493_665350//t14433.shtml
Chinese Embassy in Burundi,embassy,Africa,Ambassador,Zhao Jiangping,NA,t14434,https://www.fmprc.gov.cn/mfa_eng/wjb_663304/zwjg_665342/2490_665344/2493_665350//t14434.shtml
Chinese Embassy in Cameroon,embassy,Africa,Ambassador,Wang Yingwu,NA,t14435,https://www.fmprc.gov.cn/mfa_eng/wjb_663304/zwjg_665342/2490_665344/2493_665350//t14435.shtml
Chinese Embassy in Cape Verde,embassy,Africa,Ambassador,Du Xiaocong,NA,t14436,https://www.fmprc.gov.cn/mfa_eng/wjb_663304/zwjg_665342/2490_665344/2493_665350//t14436.shtml
Chinese Embassy in Congo,embassy,Africa,Ambassador,Ma Fulin,NA,t14437,https://www.fmprc.gov.cn/mfa_eng/wjb_663304/zwjg_665342/2490_665344/2493_665350//t14437.shtml
Chinese Embassy in Coted'lvoire,embassy,Africa,Ambassador,Wan Li,NA,t14438,https://www.fmprc.gov.cn/mfa_eng/wjb_663304/zwjg_665342/2490_665344/2493_665350//t14438.shtml
Chinese Embassy in Equatorial Guinea,embassy,Africa,Ambassador,Qi Mei,NA,t14439,https://www.fmprc.gov.cn/mfa_eng/wjb_663304/zwjg_665342/2490_665344/2493_665350//t14439.shtml
Chinese Embassy in Ghana,embassy,Africa,Ambassador,Lu Kun,NA,t14440,https://www.fmprc.gov.cn/mfa_eng/wjb_663304/zwjg_665342/2490_665344/2493_665350//t14440.shtml
Chinese Embassy in Guinea,embassy,Africa,Ambassador,Huang Wei,NA,t14441,https://www.fmprc.gov.cn/mfa_eng/wjb_663304/zwjg_665342/2490_665344/2493_665350//t14441.shtml
Chinese Embassy in Kenya,embassy,Africa,Ambassador,Zhou Pingjian,NA,t14442,https://www.fmprc.gov.cn/mfa_eng/wjb_663304/zwjg_665342/2490_665344/2493_665350//t14442.shtml
Chinese Embassy in Mali,embassy,Africa,Ambassador,Zhu Liying,NA,t14443,https://www.fmprc.gov.cn/mfa_eng/wjb_663304/zwjg_665342/2490_665344/2493_665350//t14443.shtml
Chinese Embassy in Niger,embassy,Africa,Ambassador,Jiang Feng,NA,t14444,https://www.fmprc.gov.cn/mfa_eng/wjb_663304/zwjg_665342/2490_665344/2493_665350//t14444.shtml
Chinese Embassy in Seychelles,embassy,Africa,Ambassador,Guo Wei,NA,t14445,https://www.fmprc.gov.cn/mfa_eng/wjb_663304/zwjg_665342/2490_665344/2493_665350//t14445.shtml
Chinese Embassy in Sierra Leone,embassy,Africa,Ambassador,Hu Zhangliang,NA,t14446,https://www.fmprc.gov.cn/mfa_eng/wjb_663304/zwjg_665342/2490_665344/2493_665350//t14446.shtml
Chinese Embassy in South Africa,embassy,Africa,Ambassador,Chen Xiaodong,NA,t14447,https://www.fmprc.gov.cn/mfa_eng/wjb_663304/zwjg_665342/2490_665344/2493_665350//t14447.shtml
Chinese Embassy in Madagascar,embassy,Africa,Ambassador,Guo Xiaomei,NA,t14452,https://www.fmprc.gov.cn/mfa_eng/wjb_663304/zwjg_665342/2490_665344/2493_665350//t14452.shtml
Chinese Embassy in Eritrea,embassy,Africa,Ambassador,Cai Ge,NA,t14453,https://www.fmprc.gov.cn/mfa_eng/wjb_663304/zwjg_665342/2490_665344/2493_665350//t14453.shtml
Chinese Embassy in Namibia,embassy,Africa,Ambassador,Zhang Yiming,NA,t14454,https://www.fmprc.gov.cn/mfa_eng/wjb_663304/zwjg_665342/2490_665344/2493_665350//t14454.shtml
Chinese Embassy in Albania,embassy,Europe,Ambassador,Zhou Ding,NA,t14455,https://www.fmprc.gov.cn/mfa_eng/wjb_663304/zwjg_665342/2490_665344/2495_665354//t14455.shtml
Chinese Embassy in  Romania,embassy,Europe,Ambassador,Jiang Yu,NA,t14456,https://www.fmprc.gov.cn/mfa_eng/wjb_663304/zwjg_665342/2490_665344/2495_665354//t14456.shtml
Chinese Embassy in Azerbaijan,embassy,Europe and Central Asia,Ambassador,Guo Min,NA,t14457,https://www.fmprc.gov.cn/mfa_eng/wjb_663304/zwjg_665342/2490_665344/2494_665352//t14457.shtml
Chinese Embassy in Czech,embassy,Europe,Ambassador,Zhang Jianmin,NA,t14458,https://www.fmprc.gov.cn/mfa_eng/wjb_663304/zwjg_665342/2490_665344/2495_665354//t14458.shtml
Chinese Embassy in Serbia,embassy,Europe,Ambassador,Chen Bo,NA,t14459,https://www.fmprc.gov.cn/mfa_eng/wjb_663304/zwjg_665342/2490_665344/2495_665354//t14459.shtml
Chinese Embassy in Latvia,embassy,Europe,Ambassador,Liang Jianquan,NA,t14460,https://www.fmprc.gov.cn/mfa_eng/wjb_663304/zwjg_665342/2490_665344/2495_665354//t14460.shtml
Chinese Embassy in Belarus,embassy,Europe and Central Asia,Ambassador,Xie Xiaoyong,NA,t14461,https://www.fmprc.gov.cn/mfa_eng/wjb_663304/zwjg_665342/2490_665344/2494_665352//t14461.shtml
Chinese Embassy in Bulgaria,embassy,Europe,Ambassador,Dong Xiaojun,NA,t14462,https://www.fmprc.gov.cn/mfa_eng/wjb_663304/zwjg_665342/2490_665344/2495_665354//t14462.shtml
Chinese Embassy in Croatia,embassy,Europe,Ambassador,Xu Erwen,NA,t14463,https://www.fmprc.gov.cn/mfa_eng/wjb_663304/zwjg_665342/2490_665344/2495_665354//t14463.shtml
Chinese Embassy in Estonia,embassy,Europe,Ambassador,Li Chao,NA,t14464,https://www.fmprc.gov.cn/mfa_eng/wjb_663304/zwjg_665342/2490_665344/2495_665354//t14464.shtml
Chinese Embassy in Hungary,embassy,Europe,Ambassador,Qi Dayu,NA,t14465,https://www.fmprc.gov.cn/mfa_eng/wjb_663304/zwjg_665342/2490_665344/2495_665354//t14465.shtml
Chinese Embassy in Kazakhstan,embassy,Europe and Central Asia,Ambassador,Zhang Xiao,NA,t14466,https://www.fmprc.gov.cn/mfa_eng/wjb_663304/zwjg_665342/2490_665344/2494_665352//t14466.shtml
Chinese Embassy in Lithuania,embassy,Europe,Ambassador,Shen Zhifei,NA,t14467,https://www.fmprc.gov.cn/mfa_eng/wjb_663304/zwjg_665342/2490_665344/2495_665354//t14467.shtml
Chinese Embassy in Moldova,embassy,Europe and Central Asia,Ambassador,Zhang Yinghong,NA,t14468,https://www.fmprc.gov.cn/mfa_eng/wjb_663304/zwjg_665342/2490_665344/2494_665352//t14468.shtml
Chinese Embassy in Poland,embassy,Europe,Ambassador,Sun Linjiang,NA,t14469,https://www.fmprc.gov.cn/mfa_eng/wjb_663304/zwjg_665342/2490_665344/2495_665354//t14469.shtml
Chinese Embassy in Slovenia,embassy,Europe,Ambassador,Wang Shunqing,NA,t14470,https://www.fmprc.gov.cn/mfa_eng/wjb_663304/zwjg_665342/2490_665344/2495_665354//t14470.shtml
Chinese Embassy in Tajikistan,embassy,Europe and Central Asia,Ambassador,Liu Bin,NA,t14471,https://www.fmprc.gov.cn/mfa_eng/wjb_663304/zwjg_665342/2490_665344/2494_665352//t14471.shtml
Chinese Embassy in Uzbekistan,embassy,Europe and Central Asia,Ambassador,Jiang Yan,NA,t14472,https://www.fmprc.gov.cn/mfa_eng/wjb_663304/zwjg_665342/2490_665344/2494_665352//t14472.shtml
Chinese Embassy in Russia,embassy,Europe and Central Asia,Ambassador,Zhang Hanhui,NA,t14473,https://www.fmprc.gov.cn/mfa_eng/wjb_663304/zwjg_665342/2490_665344/2494_665352//t14473.shtml
Chinese Embassy in Slovak,embassy,Europe,Ambassador,Sun Lijie,NA,t14474,https://www.fmprc.gov.cn/mfa_eng/wjb_663304/zwjg_665342/2490_665344/2495_665354//t14474.shtml
Chinese Embassy in Turkmenistan,embassy,Europe and Central Asia,Ambassador,Qian Naicheng,NA,t14475,https://www.fmprc.gov.cn/mfa_eng/wjb_663304/zwjg_665342/2490_665344/2494_665352//t14475.shtml
Chinese Embassy in Ukraine,embassy,Europe and Central Asia,Ambassador,Fan Xianrong,NA,t14476,https://www.fmprc.gov.cn/mfa_eng/wjb_663304/zwjg_665342/2490_665344/2494_665352//t14476.shtml
Chinese Embassy in Bosnia and Herzegovina,embassy,Europe,Ambassador,Ji Ping,NA,t14477,https://www.fmprc.gov.cn/mfa_eng/wjb_663304/zwjg_665342/2490_665344/2495_665354//t14477.shtml
Chinese Embassy in North Macedonia,embassy,Europe,Ambassador,Zhang Zuo,NA,t14478,https://www.fmprc.gov.cn/mfa_eng/wjb_663304/zwjg_665342/2490_665344/2495_665354//t14478.shtml
Chinese Embassy in Georgia,embassy,Europe and Central Asia,Ambassador,Li Yan,NA,t14479,https://www.fmprc.gov.cn/mfa_eng/wjb_663304/zwjg_665342/2490_665344/2494_665352//t14479.shtml
Chinese Embassy in Armenia,embassy,Europe and Central Asia,Ambassador,Fan Yong,NA,t14480,https://www.fmprc.gov.cn/mfa_eng/wjb_663304/zwjg_665342/2490_665344/2494_665352//t14480.shtml
Chinese Embassy in Kyrghyz,embassy,Europe and Central Asia,Ambassador,Du Dewen,NA,t14481,https://www.fmprc.gov.cn/mfa_eng/wjb_663304/zwjg_665342/2490_665344/2494_665352//t14481.shtml
Chinese Embassy in Austria,embassy,Europe,Ambassador,Li Xiaosi,NA,t14482,https://www.fmprc.gov.cn/mfa_eng/wjb_663304/zwjg_665342/2490_665344/2495_665354//t14482.shtml
Chinese Embassy in Denmark,embassy,Europe,Ambassador,Feng Tie,NA,t14483,https://www.fmprc.gov.cn/mfa_eng/wjb_663304/zwjg_665342/2490_665344/2495_665354//t14483.shtml
Chinese Embassy in Finland,embassy,Europe,Ambassador,Chen Li,NA,t14484,https://www.fmprc.gov.cn/mfa_eng/wjb_663304/zwjg_665342/2490_665344/2495_665354//t14484.shtml
Chinese Embassy in France,embassy,Europe,Ambassador,Lu Shaye,Concurrently Ambassador to Monaco,t14485,https://www.fmprc.gov.cn/mfa_eng/wjb_663304/zwjg_665342/2490_665344/2495_665354//t14485.shtml
Chinese Embassy in Germany,embassy,Europe,Ambassador,Wu Ken,NA,t14486,https://www.fmprc.gov.cn/mfa_eng/wjb_663304/zwjg_665342/2490_665344/2495_665354//t14486.shtml
Chinese Embassy in Iceland,embassy,Europe,Ambassador,Jin Zhijian,NA,t14487,https://www.fmprc.gov.cn/mfa_eng/wjb_663304/zwjg_665342/2490_665344/2495_665354//t14487.shtml
Chinese Embassy in Ireland,embassy,Europe,Ambassador,He Xiangdong,NA,t14488,https://www.fmprc.gov.cn/mfa_eng/wjb_663304/zwjg_665342/2490_665344/2495_665354//t14488.shtml
Chinese Embassy in Luxembourg,embassy,Europe,Ambassador,Yang Xiaorong,NA,t14489,https://www.fmprc.gov.cn/mfa_eng/wjb_663304/zwjg_665342/2490_665344/2495_665354//t14489.shtml
Chinese Embassy in  Portugal,embassy,Europe,Ambassador,Zhao Bentang,NA,t14490,https://www.fmprc.gov.cn/mfa_eng/wjb_663304/zwjg_665342/2490_665344/2495_665354//t14490.shtml
Chinese Embassy in Spain,embassy,Europe,Ambassador,Wu Haitao,Concurrently Ambassador to Andorra,t14491,https://www.fmprc.gov.cn/mfa_eng/wjb_663304/zwjg_665342/2490_665344/2495_665354//t14491.shtml
Chinese Embassy in Switzerland,embassy,Europe,Ambassador,Wang Shiting,NA,t14492,https://www.fmprc.gov.cn/mfa_eng/wjb_663304/zwjg_665342/2490_665344/2495_665354//t14492.shtml
Chinese Embassy in Greece,embassy,Europe,Ambassador,Xiao Junzheng,NA,t14493,https://www.fmprc.gov.cn/mfa_eng/wjb_663304/zwjg_665342/2490_665344/2495_665354//t14493.shtml
Chinese Embassy in Belgium,embassy,Europe,Ambassador,Cao Zhongming,NA,t14494,https://www.fmprc.gov.cn/mfa_eng/wjb_663304/zwjg_665342/2490_665344/2495_665354//t14494.shtml
Chinese Embassy in Norway,embassy,Europe,Ambassador,Yi Xianliang,NA,t14495,https://www.fmprc.gov.cn/mfa_eng/wjb_663304/zwjg_665342/2490_665344/2495_665354//t14495.shtml
Chinese Embassy in Sweden,embassy,Europe,Ambassador,Gui Congyou,NA,t14496,https://www.fmprc.gov.cn/mfa_eng/wjb_663304/zwjg_665342/2490_665344/2495_665354//t14496.shtml
Chinese Embassy in the Netherlands,embassy,Europe,Ambassador,Tan Jian,NA,t14497,https://www.fmprc.gov.cn/mfa_eng/wjb_663304/zwjg_665342/2490_665344/2495_665354//t14497.shtml
Chinese Embassy in Italy,embassy,Europe,Ambassador,Li Junhua,Concurrently Ambassador to San Marino,t14498,https://www.fmprc.gov.cn/mfa_eng/wjb_663304/zwjg_665342/2490_665344/2495_665354//t14498.shtml
Chinese Embassy in Malta,embassy,Europe,Ambassador,Yu Dunhai,NA,t14499,https://www.fmprc.gov.cn/mfa_eng/wjb_663304/zwjg_665342/2490_665344/2495_665354//t14499.shtml
Chinese Embassy in the United Kingdom,embassy,Europe,Ambassador,Zheng Zeguang,NA,t14500,https://www.fmprc.gov.cn/mfa_eng/wjb_663304/zwjg_665342/2490_665344/2495_665354//t14500.shtml
Chinese Embassy in  Australia,embassy,North America and Oceania,Ambassador,Cheng Jingye,NA,t14502,https://www.fmprc.gov.cn/mfa_eng/wjb_663304/zwjg_665342/2490_665344/2496_665356//t14502.shtml
Chinese Embassy in Canada,embassy,North America and Oceania,Ambassador,Cong Peiwu,NA,t14503,https://www.fmprc.gov.cn/mfa_eng/wjb_663304/zwjg_665342/2490_665344/2496_665356//t14503.shtml
Chinese Embassy in Fiji,embassy,North America and Oceania,Ambassador,Qian Bo,NA,t14504,https://www.fmprc.gov.cn/mfa_eng/wjb_663304/zwjg_665342/2490_665344/2496_665356//t14504.shtml
Chinese Embassy in Tonga,embassy,North America and Oceania,Ambassador,Cao Xiaolin,NA,t14505,https://www.fmprc.gov.cn/mfa_eng/wjb_663304/zwjg_665342/2490_665344/2496_665356//t14505.shtml
Chinese Embassy in  New Zealand,embassy,North America and Oceania,Ambassador,Wu Xi,NA,t14506,https://www.fmprc.gov.cn/mfa_eng/wjb_663304/zwjg_665342/2490_665344/2496_665356//t14506.shtml
Chinese Embassy in Samoa,embassy,North America and Oceania,Ambassador,Chao Xiaoliang,NA,t14507,https://www.fmprc.gov.cn/mfa_eng/wjb_663304/zwjg_665342/2490_665344/2496_665356//t14507.shtml
Chinese Embassy in Micronesia,embassy,North America and Oceania,Ambassador,Huang Zheng,NA,t14508,https://www.fmprc.gov.cn/mfa_eng/wjb_663304/zwjg_665342/2490_665344/2496_665356//t14508.shtml
Chinese Embassy in  Papua New Guinea,embassy,North America and Oceania,Ambassador,Zeng Fanhua,NA,t14509,https://www.fmprc.gov.cn/mfa_eng/wjb_663304/zwjg_665342/2490_665344/2496_665356//t14509.shtml
Chinese Care-Taking Group in Kiribati,embassy,North America and Oceania,NA,NA,NA,t14510,https://www.fmprc.gov.cn/mfa_eng/wjb_663304/zwjg_665342/2490_665344/2496_665356//t14510.shtml
Chinese Embassy in Vanuatu,embassy,North America and Oceania,Ambassador,Zhou Haicheng,NA,t14511,https://www.fmprc.gov.cn/mfa_eng/wjb_663304/zwjg_665342/2490_665344/2496_665356//t14511.shtml
Chinese Embassy in the United States of America,embassy,North America and Oceania,Ambassador,Qin Gang,NA,t14512,https://www.fmprc.gov.cn/mfa_eng/wjb_663304/zwjg_665342/2490_665344/2496_665356//t14512.shtml
Chinese Embassy in Uruguay,embassy,Latin America,Ambassador,Wang Gang,NA,t14513,https://www.fmprc.gov.cn/mfa_eng/wjb_663304/zwjg_665342/2490_665344/2497_665358//t14513.shtml
Chinese Embassy in Peru,embassy,Latin America,Ambassador,Liang Yu,NA,t14514,https://www.fmprc.gov.cn/mfa_eng/wjb_663304/zwjg_665342/2490_665344/2497_665358//t14514.shtml
Chinese Embassy in Argentine,embassy,Latin America,Ambassador,Zou Xiaoli,NA,t14515,https://www.fmprc.gov.cn/mfa_eng/wjb_663304/zwjg_665342/2490_665344/2497_665358//t14515.shtml
Chinese Embassy in Cuba,embassy,Latin America,Ambassador,Ma Hui,NA,t14516,https://www.fmprc.gov.cn/mfa_eng/wjb_663304/zwjg_665342/2490_665344/2497_665358//t14516.shtml
Chinese Embassy in Antigua and Barbuda,embassy,Latin America,Ambassador,Sun Ang,NA,t14517,https://www.fmprc.gov.cn/mfa_eng/wjb_663304/zwjg_665342/2490_665344/2497_665358//t14517.shtml
Chinese Embassy in Barbados,embassy,Latin America,Ambassador,Yan Xiusheng,NA,t14518,https://www.fmprc.gov.cn/mfa_eng/wjb_663304/zwjg_665342/2490_665344/2497_665358//t14518.shtml
Chinese Embassy in Jamaica,embassy,Latin America,Ambassador,Tian Qi,NA,t14519,https://www.fmprc.gov.cn/mfa_eng/wjb_663304/zwjg_665342/2490_665344/2497_665358//t14519.shtml
Chinese Embassy in Suriname,embassy,Latin America,Ambassador,Han Jing,NA,t14521,https://www.fmprc.gov.cn/mfa_eng/wjb_663304/zwjg_665342/2490_665344/2497_665358//t14521.shtml
Chinese Embassy in Brazil,embassy,Latin America,Ambassador,Yang Wanming,NA,t14522,https://www.fmprc.gov.cn/mfa_eng/wjb_663304/zwjg_665342/2490_665344/2497_665358//t14522.shtml
Chinese Embassy in Guyana,embassy,Latin America,Ambassador,NA,NA,t14523,https://www.fmprc.gov.cn/mfa_eng/wjb_663304/zwjg_665342/2490_665344/2497_665358//t14523.shtml
Chinese Embassy in Bolivia,embassy,Latin America,Ambassador,Huang Yazhong,NA,t14524,https://www.fmprc.gov.cn/mfa_eng/wjb_663304/zwjg_665342/2490_665344/2497_665358//t14524.shtml
Chinese Embassy in Chile,embassy,Latin America,Ambassador,Niu Qingbao,NA,t14525,https://www.fmprc.gov.cn/mfa_eng/wjb_663304/zwjg_665342/2490_665344/2497_665358//t14525.shtml
Chinese Embassy in Colombia,embassy,Latin America,Ambassador,Lan Hu,NA,t14526,https://www.fmprc.gov.cn/mfa_eng/wjb_663304/zwjg_665342/2490_665344/2497_665358//t14526.shtml
Chinese Embassy in Ecuador,embassy,Latin America,Ambassador,Chen Guoyou,NA,t14527,https://www.fmprc.gov.cn/mfa_eng/wjb_663304/zwjg_665342/2490_665344/2497_665358//t14527.shtml
Chinese Embassy in Trinidad and Tobago,embassy,Latin America,Ambassador,Fang Qiu,NA,t14528,https://www.fmprc.gov.cn/mfa_eng/wjb_663304/zwjg_665342/2490_665344/2497_665358//t14528.shtml
Chinese Embassy in Venezuela,embassy,Latin America,Ambassador,Li Baorong,NA,t14529,https://www.fmprc.gov.cn/mfa_eng/wjb_663304/zwjg_665342/2490_665344/2497_665358//t14529.shtml
Chinese Embassy in Mexico,embassy,Latin America,Ambassador,Zhu Qingqiao,NA,t14530,https://www.fmprc.gov.cn/mfa_eng/wjb_663304/zwjg_665342/2490_665344/2497_665358//t14530.shtml
Chinese Embassy in Bahamas,embassy,Latin America,Ambassador,Dai Qingli,NA,t14531,https://www.fmprc.gov.cn/mfa_eng/wjb_663304/zwjg_665342/2490_665344/2497_665358//t14531.shtml
Chinese Consulate-General in Ho Chi Minh City(Viet Nam),consulate,Asia,Consul General,Wu Jun,NA,t14532,https://www.fmprc.gov.cn/mfa_eng/wjb_663304/zwjg_665342/2498_665360/2499_665362//t14532.shtml
Chinese Consulate-General in Mumbai (India),consulate,Asia,Consul General,Tang Guocai,NA,t14533,https://www.fmprc.gov.cn/mfa_eng/wjb_663304/zwjg_665342/2498_665360/2499_665362//t14533.shtml
Chinese Consulate-General in Chiangmai (Thailand),consulate,Asia,Consul General,Wu Zhiwu,NA,t14534,https://www.fmprc.gov.cn/mfa_eng/wjb_663304/zwjg_665342/2498_665360/2499_665362//t14534.shtml
Chinese Consulate-General in Songkhla (Thailand),consulate,Asia,Consul General,Ma Fengchun,NA,t14535,https://www.fmprc.gov.cn/mfa_eng/wjb_663304/zwjg_665342/2498_665360/2499_665362//t14535.shtml
Chinese Consulate-General in Nagasaki (Japan),consulate,Asia,Consul General,Liu Yaming,NA,t14536,https://www.fmprc.gov.cn/mfa_eng/wjb_663304/zwjg_665342/2498_665360/2499_665362//t14536.shtml
Chinese Consulate-General in Fukuoka (Japan),consulate,Asia,Consul General,Lv Guijun,NA,t14537,https://www.fmprc.gov.cn/mfa_eng/wjb_663304/zwjg_665342/2498_665360/2499_665362//t14537.shtml
Chinese Consulate-General in Sapporo (Japan),consulate,Asia,Consul General,Liu Yaming,NA,t14538,https://www.fmprc.gov.cn/mfa_eng/wjb_663304/zwjg_665342/2498_665360/2499_665362//t14538.shtml
Chinese Consulate-General in Osaka (Japan),consulate,Asia,Consul General,Xue Jian,NA,t14539,https://www.fmprc.gov.cn/mfa_eng/wjb_663304/zwjg_665342/2498_665360/2499_665362//t14539.shtml
Chinese Consulate-General in Mandalay (Myanmar),consulate,Asia,Consul General,Chen Chen,NA,t14540,https://www.fmprc.gov.cn/mfa_eng/wjb_663304/zwjg_665342/2498_665360/2499_665362//t14540.shtml
Chinese Consulate-General in Kuching (Malaysia),consulate,Asia,Consul General,Cheng Guangzhong,NA,t14541,https://www.fmprc.gov.cn/mfa_eng/wjb_663304/zwjg_665342/2498_665360/2499_665362//t14541.shtml
Chinese Consulate-General in Pusan (R. O. K.),consulate,Asia,Consul General,Guo Peng,NA,t14542,https://www.fmprc.gov.cn/mfa_eng/wjb_663304/zwjg_665342/2498_665360/2499_665362//t14542.shtml
Chinese Consulate-General in Cebu (Philippines),consulate,Asia,ConsulGeneral,Jia Li,NA,t14543,https://www.fmprc.gov.cn/mfa_eng/wjb_663304/zwjg_665342/2498_665360/2499_665362//t14543.shtml
Chinese Consulate-General in Chongjin (D. P. R. K.),consulate,Asia,Consul General,Zhang Daxing,NA,t14544,https://www.fmprc.gov.cn/mfa_eng/wjb_663304/zwjg_665342/2498_665360/2499_665362//t14544.shtml
Chinese Consulate-General in Karachi (Pakistan),consulate,Asia,Consul General,Li Bijian,NA,t14545,https://www.fmprc.gov.cn/mfa_eng/wjb_663304/zwjg_665342/2498_665360/2499_665362//t14545.shtml
Chinese Consulate-General in Aden-Yemen (Yemen),consulate,Western Asia and North Africa,Consul General,Pan Zhinan,NA,t14546,https://www.fmprc.gov.cn/mfa_eng/wjb_663304/zwjg_665342/2498_665360/2500_665364//t14546.shtml
Chinese Consulate-General in Istanbul (Turkey),consulate,Western Asia and North Africa,Consul General,Cui Wei,NA,t14547,https://www.fmprc.gov.cn/mfa_eng/wjb_663304/zwjg_665342/2498_665360/2500_665364//t14547.shtml
Chinese Consulate-General in Jeddah (Saudi Arabia),consulate,Western Asia and North Africa,Consul General,Tan Banglin,NA,t14548,https://www.fmprc.gov.cn/mfa_eng/wjb_663304/zwjg_665342/2498_665360/2500_665364//t14548.shtml
Chinese Consulate-General in Dubai (United Arab Emirates),consulate,Western Asia and North Africa,Consul General,Li Xuhang,NA,t14549,https://www.fmprc.gov.cn/mfa_eng/wjb_663304/zwjg_665342/2498_665360/2500_665364//t14549.shtml
Chinese Consulate-General in Alexandria (Egypt),consulate,Western Asia and North Africa,Consul General,Zhao Liying,NA,t14550,https://www.fmprc.gov.cn/mfa_eng/wjb_663304/zwjg_665342/2498_665360/2500_665364//t14550.shtml
Chinese Consulate-General in Zanzibar (Tanzania),consulate,Africa,Consul General,Zhang Zhisheng,NA,t14551,https://www.fmprc.gov.cn/mfa_eng/wjb_663304/zwjg_665342/2498_665360/2501_665366//t14551.shtml
Chinese Consulate-General in Johannesburg (South Africa),consulate,Africa,Consul General,Tang Zhongdong,NA,t14552,https://www.fmprc.gov.cn/mfa_eng/wjb_663304/zwjg_665342/2498_665360/2501_665366//t14552.shtml
Chinese Consulate-General in Cape Town (South Africa),consulate,Africa,Consul General,Lin Jing,NA,t14553,https://www.fmprc.gov.cn/mfa_eng/wjb_663304/zwjg_665342/2498_665360/2501_665366//t14553.shtml
Chinese Consulate-General in Durban (South Africa),consulate,Africa,Consul General,Fei Mingxing,NA,t14554,https://www.fmprc.gov.cn/mfa_eng/wjb_663304/zwjg_665342/2498_665360/2501_665366//t14554.shtml
Chinese Consulate-General in Tamatave (Madagascar),consulate,Africa,Consul General,Zhu Kaixian,NA,t14555,https://www.fmprc.gov.cn/mfa_eng/wjb_663304/zwjg_665342/2498_665360/2501_665366//t14555.shtml
Chinese Consulate-General in Douala (Cameroon),consulate,Africa,Consul General,Zhang Daxing,NA,t14556,https://www.fmprc.gov.cn/mfa_eng/wjb_663304/zwjg_665342/2498_665360/2501_665366//t14556.shtml
Chinese Consulate-General in Podgorica (Serbia and Montenegro),consulate,Europe,Consul General,Li Manchang,NA,t14557,https://www.fmprc.gov.cn/mfa_eng/wjb_663304/zwjg_665342/2498_665360/2503_665370//t14557.shtml
Chinese Consulate-General in Constanta(Temporarily Closed),consulate,Europe,NA,NA,NA,t14558,https://www.fmprc.gov.cn/mfa_eng/wjb_663304/zwjg_665342/2498_665360/2503_665370//t14558.shtml
Chinese Consulate-General in Khabarovsk (Russia),consulate,Europe and Central Asia,Consul General,Cui Guojie,NA,t14559,https://www.fmprc.gov.cn/mfa_eng/wjb_663304/zwjg_665342/2498_665360/2502_665368//t14559.shtml
Chinese Consulate-General in St.petersburg(Russia),consulate,Europe and Central Asia,Consul General,Wang Wenli,NA,t14560,https://www.fmprc.gov.cn/mfa_eng/wjb_663304/zwjg_665342/2498_665360/2502_665368//t14560.shtml
Chinese Consulate-General in Gdan'sk(Poland),consulate,Europe,Consul General,Fan Xiaodong,NA,t14561,https://www.fmprc.gov.cn/mfa_eng/wjb_663304/zwjg_665342/2498_665360/2503_665370//t14561.shtml
Chinese Consulate-General in Firenze(Italy),consulate,Europe,Consul General,Wang Wengang,NA,t14562,https://www.fmprc.gov.cn/mfa_eng/wjb_663304/zwjg_665342/2498_665360/2503_665370//t14562.shtml
Chinese Consulate-General in Milano(Italy),consulate,Europe,Consul General,Liu Kan,NA,t14563,https://www.fmprc.gov.cn/mfa_eng/wjb_663304/zwjg_665342/2498_665360/2503_665370//t14563.shtml
Chinese Consulate-General in Barcelona(Spain),consulate,Europe,Consul General,Zhu Jingyang,NA,t14564,https://www.fmprc.gov.cn/mfa_eng/wjb_663304/zwjg_665342/2498_665360/2503_665370//t14564.shtml
Chinese Consulate-General in Gothenburg(Sweden),consulate,Europe,Consul General,Gu Hui,NA,t14565,https://www.fmprc.gov.cn/mfa_eng/wjb_663304/zwjg_665342/2498_665360/2503_665370//t14565.shtml
Chinese Consulate-General in Zurich (Switzerland),consulate,Europe,Consular General,Zhao Qinghua,Concurrently Consular General to Liechtenstein,t14566,https://www.fmprc.gov.cn/mfa_eng/wjb_663304/zwjg_665342/2498_665360/2503_665370//t14566.shtml
Chinese Consulate-General in Munich(Germany),consulate,Europe,Consulate General,Zhang Yue,NA,t14567,https://www.fmprc.gov.cn/mfa_eng/wjb_663304/zwjg_665342/2498_665360/2503_665370//t14567.shtml
Chinese Consulate-General in Manchester (United Kingdom),consulate,Europe,Consul General,Zheng Xiyuan,NA,t14568,https://www.fmprc.gov.cn/mfa_eng/wjb_663304/zwjg_665342/2498_665360/2503_665370//t14568.shtml
Chinese Consulate-General in Edinburgh(United Kingdom),consulate,Europe,Consul General,Ma Qiang,NA,t14569,https://www.fmprc.gov.cn/mfa_eng/wjb_663304/zwjg_665342/2498_665360/2503_665370//t14569.shtml
Chinese Consulate-General in Hamburg(Germany),consulate,Europe,Consul General,Du Xiaohui,NA,t14570,https://www.fmprc.gov.cn/mfa_eng/wjb_663304/zwjg_665342/2498_665360/2503_665370//t14570.shtml
Chinese Consulate-General in Marseille(France),consulate,Europe,Concul General,Lu Huiying,NA,t14571,https://www.fmprc.gov.cn/mfa_eng/wjb_663304/zwjg_665342/2498_665360/2503_665370//t14571.shtml
Chinese Consulate-General in Strasbourg (France),consulate,Europe,Consul General,Ling Jun,NA,t14572,https://www.fmprc.gov.cn/mfa_eng/wjb_663304/zwjg_665342/2498_665360/2503_665370//t14572.shtml
Chinese Consulate-General in Auckland (New Zealand),consulate,North America and Oceania,Consul General,Ruan Ping,NA,t14573,https://www.fmprc.gov.cn/mfa_eng/wjb_663304/zwjg_665342/2498_665360/2504_665372//t14573.shtml
Chinese Consulate-General in Melbourne (Australia),consulate,North America and Oceania,Consul General,Long Zhou,NA,t14574,https://www.fmprc.gov.cn/mfa_eng/wjb_663304/zwjg_665342/2498_665360/2504_665372//t14574.shtml
Chinese Consulate-General in Perth (Australia),consulate,North America and Oceania,Consul General,Long Dingbin,NA,t14576,https://www.fmprc.gov.cn/mfa_eng/wjb_663304/zwjg_665342/2498_665360/2504_665372//t14576.shtml
Chinese Consulate-General in San Francisco (America),consulate,North America and Oceania,Consul General,Wang Donghua,NA,t14577,https://www.fmprc.gov.cn/mfa_eng/wjb_663304/zwjg_665342/2498_665360/2504_665372//t14577.shtml
Chinese Consulate-General in Sydney (Australia),consulate,North America and Oceania,Consul General,Zhou Limin,NA,t14578,https://www.fmprc.gov.cn/mfa_eng/wjb_663304/zwjg_665342/2498_665360/2504_665372//t14578.shtml
Chinese Consulate-General in New York(America),consulate,North America and Oceania,Consul General,Huang Ping,NA,t14579,https://www.fmprc.gov.cn/mfa_eng/wjb_663304/zwjg_665342/2498_665360/2504_665372//t14579.shtml
Chinese Consulate-General in Chicago (America),consulate,North America and Oceania,Consul General,Zhao Jian,NA,t14580,https://www.fmprc.gov.cn/mfa_eng/wjb_663304/zwjg_665342/2498_665360/2504_665372//t14580.shtml
Chinese Consulate-General in Los Angeles (America),consulate,North America and Oceania,Consul General,Zhang Ping,NA,t14581,https://www.fmprc.gov.cn/mfa_eng/wjb_663304/zwjg_665342/2498_665360/2504_665372//t14581.shtml
Chinese Consulate-General in Vancouver (Canada),consulate,North America and Oceania,Consul General,Tong Xiaoling,NA,t14582,https://www.fmprc.gov.cn/mfa_eng/wjb_663304/zwjg_665342/2498_665360/2504_665372//t14582.shtml
Chinese Consulate-General in Toronto(Canada),consulate,North America and Oceania,Consul General,Han Tao,NA,t14583,https://www.fmprc.gov.cn/mfa_eng/wjb_663304/zwjg_665342/2498_665360/2504_665372//t14583.shtml
Chinese Consulate-General in Calgary(Canada),consulate,North America and Oceania,Consul General,Lu Xu,NA,t14584,https://www.fmprc.gov.cn/mfa_eng/wjb_663304/zwjg_665342/2498_665360/2504_665372//t14584.shtml
Chinese Consulate-General in Tijuana(Mexico),consulate,Latin America,Consul General,Yu Bo,NA,t14585,https://www.fmprc.gov.cn/mfa_eng/wjb_663304/zwjg_665342/2498_665360/2505_665374//t14585.shtml
Chinese Consulate-General in Adelaide (Australia),consulate,North America and Oceania,Consul General,He Lanjing,NA,t1458529,https://www.fmprc.gov.cn/mfa_eng/wjb_663304/zwjg_665342/2498_665360/2504_665372//t1458529.shtml
Chinese Consulate in Barranquilla(Colombia),consulate,Latin America,Consul General,Wang Huijun,NA,t14586,https://www.fmprc.gov.cn/mfa_eng/wjb_663304/zwjg_665342/2498_665360/2505_665374//t14586.shtml
Chinese Consulate-General in Santa Cruz (Bolivia),consulate,Latin America,Consul General,Wang Jialei,NA,t14587,https://www.fmprc.gov.cn/mfa_eng/wjb_663304/zwjg_665342/2498_665360/2505_665374//t14587.shtml
Chinese Consulate-General in Sao Paulo(Brazil),consulate,Latin America,Consul General,Chen Peijie,NA,t14588,https://www.fmprc.gov.cn/mfa_eng/wjb_663304/zwjg_665342/2498_665360/2505_665374//t14588.shtml
Chinese Consulate-General in Penang (Malaysia),consulate,Asia,Consul General,Lu Shiwei,NA,t1458861,https://www.fmprc.gov.cn/mfa_eng/wjb_663304/zwjg_665342/2498_665360/2499_665362//t1458861.shtml
Chinese Consulate-General in Kota Kinabalu (Malaysia),consulate,Asia,Consul General,Liang Caide,NA,t1458880,https://www.fmprc.gov.cn/mfa_eng/wjb_663304/zwjg_665342/2498_665360/2499_665362//t1458880.shtml
Chinese Consulate-General in Izmir (Turkey),consulate,Western Asia and North Africa,Consul General,Liu Zengxian,NA,t1458895,https://www.fmprc.gov.cn/mfa_eng/wjb_663304/zwjg_665342/2498_665360/2500_665364//t1458895.shtml
Chinese Consulate-General in Guayaquil(Ecuador),consulate,Latin America,Consul General,Zhang Tao,NA,t14589,https://www.fmprc.gov.cn/mfa_eng/wjb_663304/zwjg_665342/2498_665360/2505_665374//t14589.shtml
Chinese Consulate-General in Rio De Janeiro (Brazil),consulate,Latin America,Consul General,Tian Min,NA,t14590,https://www.fmprc.gov.cn/mfa_eng/wjb_663304/zwjg_665342/2498_665360/2505_665374//t14590.shtml
Permanent Mission to the International Sea Bed Authority,international_organizations,global,Permanent Representative,Ambassador Dong Xiaojun,NA,t14591,https://www.fmprc.gov.cn/mfa_eng/wjb_663304/zwjg_665342/2506_665376//t14591.shtml
Permanent Mission of the People's Republic of China to the United Nations,international_organizations,global,Permanent Representative to the UN,Ambassador Zhang Jun,NA,t14592,https://www.fmprc.gov.cn/mfa_eng/wjb_663304/zwjg_665342/2506_665376//t14592.shtml
Chinese Consulate-General in Dusseldorf(Germany),consulate,Europe,Consul General,Feng Haiyang,NA,t1459222,https://www.fmprc.gov.cn/mfa_eng/wjb_663304/zwjg_665342/2498_665360/2503_665370//t1459222.shtml
Permanent Mission to the United Nations and Other International Organizations in Vienna,international_organizations,global,Permanent Reprensentative,Wang Qun,NA,t14593,https://www.fmprc.gov.cn/mfa_eng/wjb_663304/zwjg_665342/2506_665376//t14593.shtml
Permanent Mission of the People's Republic of China to the United Nations Office at Geneva and Other International Organizations in Switzerland,international_organizations,global,Permanent Representative,Chen Xu,NA,t14594,https://www.fmprc.gov.cn/mfa_eng/wjb_663304/zwjg_665342/2506_665376//t14594.shtml
Permanent Missions to the Organization For the Prohibition of Chemical Weapons,international_organizations,global,Permanent Reprensentative,Ambassador Tan Jian,NA,t14595,https://www.fmprc.gov.cn/mfa_eng/wjb_663304/zwjg_665342/2506_665376//t14595.shtml
Permanent Mission to the World Trade Organization(WTO)in Switzerland,international_organizations,global,Permanent Reprensentative,Ambassador Li Chenggang,NA,t14597,https://www.fmprc.gov.cn/mfa_eng/wjb_663304/zwjg_665342/2506_665376//t14597.shtml
Permanent Mission to the United Nations Economic and Social Commission for Asia and the Pacific(ESCAP),international_organizations,global,Permanent representative,Ke Yousheng,NA,t14598,https://www.fmprc.gov.cn/mfa_eng/wjb_663304/zwjg_665342/2506_665376//t14598.shtml
Chinese Consulate-General in Lahore (Pakistan),consulate,Asia,Consul General,Long Dingbin,NA,t1459886,https://www.fmprc.gov.cn/mfa_eng/wjb_663304/zwjg_665342/2498_665360/2499_665362//t1459886.shtml
Chinese Consulate-General in Bata (Equatorial Guinea),consulate,Africa,Consul General,Xu Zhuangsheng,NA,t1459900,https://www.fmprc.gov.cn/mfa_eng/wjb_663304/zwjg_665342/2498_665360/2501_665366//t1459900.shtml
Chinese Consulate-General in Belfast(United Kingdom),consulate,Europe,Consul General,Zhang Meifang,NA,t1459940,https://www.fmprc.gov.cn/mfa_eng/wjb_663304/zwjg_665342/2498_665360/2503_665370//t1459940.shtml
Chinese Embassy in Dominican Republic,embassy,Latin America,Ambassador,Zhang Run,NA,t1461593,https://www.fmprc.gov.cn/mfa_eng/wjb_663304/zwjg_665342/2490_665344/2497_665358//t1461593.shtml
Chinese Embassy in Gambia,embassy,Africa,Ambassador,Ma Jianchun,NA,t1463057,https://www.fmprc.gov.cn/mfa_eng/wjb_663304/zwjg_665342/2490_665344/2493_665350//t1463057.shtml
Chinese Consulate-General in Vladivostok (Russia),consulate,Europe and Central Asia,Consul General,Yan Wenbin,NA,t1465101,https://www.fmprc.gov.cn/mfa_eng/wjb_663304/zwjg_665342/2498_665360/2502_665368//t1465101.shtml
Chinese Consulate-General in Kazan (Russia),consulate,Europe and Central Asia,Consul General,Wu Yingqin,NA,t1465827,https://www.fmprc.gov.cn/mfa_eng/wjb_663304/zwjg_665342/2498_665360/2502_665368//t1465827.shtml
Chinese Consulate-General in Da Nang (Viet Nam),consulate,Asia,Consul General,Dong Biyou,NA,t1466495,https://www.fmprc.gov.cn/mfa_eng/wjb_663304/zwjg_665342/2498_665360/2499_665362//t1466495.shtml
Chinese Embassy in Sao Tome and Principe,embassy,Africa,Ambassador,Xu Yingzhen,NA,t1616256,https://www.fmprc.gov.cn/mfa_eng/wjb_663304/zwjg_665342/2490_665344/2493_665350//t1616256.shtml
Chinese Embassy in Dominica,embassy,Latin America,Ambassador,NA,NA,t163554,https://www.fmprc.gov.cn/mfa_eng/wjb_663304/zwjg_665342/2490_665344/2497_665358//t163554.shtml
Chinese Consulate-General in Davao (Philippines),consulate,Asia,Consul General,Li Lin,NA,t1639514,https://www.fmprc.gov.cn/mfa_eng/wjb_663304/zwjg_665342/2498_665360/2499_665362//t1639514.shtml
Chinese Embassy in Salvador,embassy,Latin America,Ambassador,Ou Jianhong,NA,t1655658,https://www.fmprc.gov.cn/mfa_eng/wjb_663304/zwjg_665342/2490_665344/2497_665358//t1655658.shtml
Mission of the People's Republic of China to the European Union,international_organizations,global,Ambassador,Zhang Ming,NA,t178796,https://www.fmprc.gov.cn/mfa_eng/wjb_663304/zwjg_665342/2506_665376//t178796.shtml
Chinese Embassy in Kiribati,embassy,North America and Oceania,Ambassador,Tang Songgen,NA,t1804109,https://www.fmprc.gov.cn/mfa_eng/wjb_663304/zwjg_665342/2490_665344/2496_665356//t1804109.shtml
Chinese Consulate-General in Frankfurt(Germany),consulate,Europe,Consul General,Sun Congbin,NA,t185512,https://www.fmprc.gov.cn/mfa_eng/wjb_663304/zwjg_665342/2498_665360/2503_665370//t185512.shtml
Chinese Embassy in  Grenada,embassy,Latin America,Ambassador,Wei Hongtian,NA,t205875,https://www.fmprc.gov.cn/mfa_eng/wjb_663304/zwjg_665342/2490_665344/2497_665358//t205875.shtml
Chinese Embassy in Senegal,embassy,Africa,Ambassador,Xiao Han,NA,t240436,https://www.fmprc.gov.cn/mfa_eng/wjb_663304/zwjg_665342/2490_665344/2493_665350//t240436.shtml
Chinese Consulate-General in Lagos (Nigeria),consulate,Africa,Consul General,Chu Maoming,NA,t25722,https://www.fmprc.gov.cn/mfa_eng/wjb_663304/zwjg_665342/2498_665360/2501_665366//t25722.shtml
Chinese Embassy in Chad,embassy,Africa,Ambassador,Li Jinjin,NA,t291275,https://www.fmprc.gov.cn/mfa_eng/wjb_663304/zwjg_665342/2490_665344/2493_665350//t291275.shtml
Chinese Consulate-General in Odessa (Ukraine),consulate,Europe and Central Asia,Consul General,Zhao Song Liqun,NA,t304059,https://www.fmprc.gov.cn/mfa_eng/wjb_663304/zwjg_665342/2498_665360/2502_665368//t304059.shtml
Chinese Consulate in Laoag (Philippines),consulate,Asia,Consul,Zhou Youbin,NA,t313878,https://www.fmprc.gov.cn/mfa_eng/wjb_663304/zwjg_665342/2498_665360/2499_665362//t313878.shtml
Chinese Embassy in  Costarica,embassy,Latin America,Ambassador,Tang Heng,NA,t331751,https://www.fmprc.gov.cn/mfa_eng/wjb_663304/zwjg_665342/2490_665344/2497_665358//t331751.shtml
Chinese Consulate-General in Nagoya (Japan),consulate,Asia,Consul General,Liu Xiaojun,NA,t368032,https://www.fmprc.gov.cn/mfa_eng/wjb_663304/zwjg_665342/2498_665360/2499_665362//t368032.shtml
Chinese Consulate-General in Brisbane (Australia),consulate,North America and Oceania,Consul General,Xu Jie,NA,t404600,https://www.fmprc.gov.cn/mfa_eng/wjb_663304/zwjg_665342/2498_665360/2504_665372//t404600.shtml
Chinese Embassy in Malawi,embassy,Africa,Ambassador,Liu Hongyang,NA,t462093,https://www.fmprc.gov.cn/mfa_eng/wjb_663304/zwjg_665342/2490_665344/2493_665350//t462093.shtml
Chinese Consulate-General in Kolkata (India),consulate,Asia,Consul General,Zha Liyou,NA,t517745,https://www.fmprc.gov.cn/mfa_eng/wjb_663304/zwjg_665342/2498_665360/2499_665362//t517745.shtml
Chinese Embassy in South Sudan,embassy,Western Asia and North Africa,Ambassador,Hua Ning,NA,t518003,https://www.fmprc.gov.cn/mfa_eng/wjb_663304/zwjg_665342/2490_665344/2492_665348//t518003.shtml
Chinese Consulate-General in Almaty (Kazakhstan),consulate,Europe and Central Asia,Consul General,Geng Liping,NA,t533883,https://www.fmprc.gov.cn/mfa_eng/wjb_663304/zwjg_665342/2498_665360/2502_665368//t533883.shtml
Chinese Consulate-General in Yekaterinburg (Russia),consulate,Europe and Central Asia,Consul General,Cui Shaochun,NA,t535458,https://www.fmprc.gov.cn/mfa_eng/wjb_663304/zwjg_665342/2498_665360/2502_665368//t535458.shtml
Chinese Consulate-General in Irkutsk (Russia),consulate,Europe and Central Asia,Consul General,Cao Yunlong,NA,t535459,https://www.fmprc.gov.cn/mfa_eng/wjb_663304/zwjg_665342/2498_665360/2502_665368//t535459.shtml
Chinese Consulate-General in Gwangju (R. O. K.),consulate,Asia,Consul General,Zhang Chenggang,NA,t569496,https://www.fmprc.gov.cn/mfa_eng/wjb_663304/zwjg_665342/2498_665360/2499_665362//t569496.shtml
Chinese Consulate-General in Sarabaya (Indonesia),consulate,Asia,Consul General,Gu Jingqi,NA,t573463,https://www.fmprc.gov.cn/mfa_eng/wjb_663304/zwjg_665342/2498_665360/2499_665362//t573463.shtml
Chinese Embassy in Montenegro,embassy,Europe,Ambassador,Liu Jin,NA,t623561,https://www.fmprc.gov.cn/mfa_eng/wjb_663304/zwjg_665342/2490_665344/2495_665354//t623561.shtml
Chinese Consulate-General in Lyon (France),consulate,Europe,Consul General,Lu Qingjiang,NA,t645701,https://www.fmprc.gov.cn/mfa_eng/wjb_663304/zwjg_665342/2498_665360/2503_665370//t645701.shtml
Office of the People's Republic of China to the State of Palestine,embassy,Western Asia and North Africa,Director,Guo Wei,Ambassador Grade,t645704,https://www.fmprc.gov.cn/mfa_eng/wjb_663304/zwjg_665342/2490_665344/2492_665348//t645704.shtml
Chinese Consulate-General in Saint-Denis (France),consulate,Europe,Consul General,Wang Xiangyang,NA,t707076,https://www.fmprc.gov.cn/mfa_eng/wjb_663304/zwjg_665342/2498_665360/2503_665370//t707076.shtml
Chinese Consulate-General in Papeete (France),consulate,Europe,Consul,Dong Qiang,NA,t707077,https://www.fmprc.gov.cn/mfa_eng/wjb_663304/zwjg_665342/2498_665360/2503_665370//t707077.shtml
Chinese Consulate-General in Niigata (Japan),consulate,Asia,CONSUL GENERAL,Sun Dagang,NA,t717542,https://www.fmprc.gov.cn/mfa_eng/wjb_663304/zwjg_665342/2498_665360/2499_665362//t717542.shtml
Office of Commercial Development of China in Haiti,international_organizations,global,Permanent Representative,Long Ling,NA,t825774,https://www.fmprc.gov.cn/mfa_eng/wjb_663304/zwjg_665342/2506_665376//t825774.shtml
Chinese Embassy in Liberia,embassy,Africa,Ambassador,Ren Yisheng,NA,t82799,https://www.fmprc.gov.cn/mfa_eng/wjb_663304/zwjg_665342/2490_665344/2493_665350//t82799.shtml
Chinese Embassy in Panama,embassy,North America and Oceania,Ambassador,Wei Qiang,NA,t82806,https://www.fmprc.gov.cn/mfa_eng/wjb_663304/zwjg_665342/2490_665344/2496_665356//t82806.shtml
Chinese Consulate-General in Iquique (Chile),consulate,Latin America,Consul General,Fu Xinrong,NA,t847341,https://www.fmprc.gov.cn/mfa_eng/wjb_663304/zwjg_665342/2498_665360/2505_665374//t847341.shtml
Chinese Embassy in Maldives,embassy,Asia,Ambassador,Wang Lixin,NA,t869236,https://www.fmprc.gov.cn/mfa_eng/wjb_663304/zwjg_665342/2490_665344/2491_665346//t869236.shtml
Chinese Consulate-General in Montreal (Canada),consulate,North America and Oceania,Consul General,Chen Xueming,NA,t898343,https://www.fmprc.gov.cn/mfa_eng/wjb_663304/zwjg_665342/2498_665360/2504_665372//t898343.shtml
Chinese Consulate-General in Christchurch (New Zealand),consulate,North America and Oceania,Consul General,Wang Zhijian,NA,t905874,https://www.fmprc.gov.cn/mfa_eng/wjb_663304/zwjg_665342/2498_665360/2504_665372//t905874.shtml
Chinese Consulate-General in Medan (Indonesia),consulate,Asia,Consul General,Qiu Weiwei,NA,t922328,https://www.fmprc.gov.cn/mfa_eng/wjb_663304/zwjg_665342/2498_665360/2499_665362//t922328.shtml
Chinese Consulate-General in Jeju (R. O. K.),consulate,Asia,Consul General,Wang Luxin,NA,t960988,https://www.fmprc.gov.cn/mfa_eng/wjb_663304/zwjg_665342/2498_665360/2499_665362//t960988.shtml
